STRUCTURE,STRUCTURE_ID,STRUCTURE_NAME,freq,Time frequency,siec,Standard international energy product classification (SIEC),partner,Geopolitical entity (partner),unit,Unit of measure,geo,Geopolitical entity (reporting),TIME_PERIOD,Time,OBS_VALUE,Observation value,OBS_FLAG,Observation status (Flag) V2 structure,CONF_STATUS,Confidentiality status (flag)
dataflow,ESTAT:NRG_TI_SFF(1.0),Imports of solid fossil fuels by partner country,A,Annual,C0000X0350-0370,Solid fossil fuels,TOTAL,Total,THS_T,Thousand tonnes,AT,Austria,2010,,5021.898,,,,,
dataflow,ESTAT:NRG_TI_SFF(1.0),Imports of solid fossil fuels by partner country,A,Annual,C0000X0350-0370,Solid fossil fuels,TOTAL,Total,THS_T,Thousand tonnes,AT,Austria,2011,,4637.746,,,,,
dataflow,ESTAT:NRG_TI_SFF(1.0),Imports of solid fossil fuels by partner country,A,Annual,C0000X0350-0370,Solid fossil fuels,TOTAL,Total,THS_T,Thousand tonnes,AT,Austria,2012,,4952.506,,,,,
dataflow,ESTAT:NRG_TI_SFF(1.0),Imports of solid fossil fuels by partner country,A,Annual,C0000X0350-0370,Solid fossil fuels,TOTAL,Total,THS_T,Thousand tonnes,AT,Austria,2013,,4594.823,,,,,
dataflow,ESTAT:NRG_TI_SFF(1.0),Imports of solid fossil fuels by partner country,A,Annual,C0000X0350-0370,Solid fossil fuels,TOTAL,Total,THS_T,Thousand tonnes,AT,Austria,2014,,4548.633,,,,,
dataflow,ESTAT:NRG_TI_SFF(1.0),Imports of solid fossil fuels by partner country,A,Annual,C0000X0350-0370,Solid fossil fuels,TOTAL,Total,THS_T,Thousand tonnes,AT,Austria,2015,,4142.823,,,,,
dataflow,ESTAT:NRG_TI_SFF(1.0),Imports of solid fossil fuels by partner country,A,Annual,C0000X0350-0370,Solid fossil fuels,TOTAL,Total,THS_T,Thousand tonnes,AT,Austria,2016,,4303.615,,,,,
dataflow,ESTAT:NRG_TI_SFF(1.0),Imports of solid fossil fuels by partner country,A,Annual,C0000X0350-0370,Solid fossil fuels,TOTAL,Total,THS_T,Thousand tonnes,AT,Austria,2017,,4647.085,,,,,
dataflow,ESTAT:NRG_TI_SFF(1.0),Imports of solid fossil fuels by partner country,A,Annual,C0000X0350-0370,Solid fossil fuels,TOTAL,Total,THS_T,Thousand tonnes,AT,Austria,2018,,4031.040,,,,,
dataflow,ESTAT:NRG_TI_SFF(1.0),Imports of solid fossil fuels by partner country,A,Annual,C0000X0350-0370,Solid fossil fuels,TOTAL,Total,THS_T,Thousand tonnes,AT,Austria,2019,,4108.781,,,,,
dataflow,ESTAT:NRG_TI_SFF(1.0),Imports of solid fossil fuels by partner country,A,Annual,C0000X0350-0370,Solid fossil fuels,TOTAL,Total,THS_T,Thousand tonnes,AT,Austria,2020,,3601.243,,,,,
dataflow,ESTAT:NRG_TI_SFF(1.0),Imports of solid fossil fuels by partner country,A,Annual,C0000X0350-0370,Solid fossil fuels,TOTAL,Total,THS_T,Thousand tonnes,AT,Austria,2021,,3764.317,,,,,
dataflow,ESTAT:NRG_TI_SFF(1.0),Imports of solid fossil fuels by partner country,A,Annual,C0000X0350-0370,Solid fossil fuels,TOTAL,Total,THS_T,Thousand tonnes,AT,Austria,2022,,3602.595,,,,,
dataflow,ESTAT:NRG_TI_SFF(1.0),Imports of solid fossil fuels by partner country,A,Annual,C0000X0350-0370,Solid fossil fuels,TOTAL,Total,THS_T,Thousand tonnes,AT,Austria,2023,,3518.501,,,,,
dataflow,ESTAT:NRG_TI_SFF(1.0),Imports of solid fossil fuels by partner country,A,Annual,C0000X0350-0370,Solid fossil fuels,TOTAL,Total,THS_T,Thousand tonnes,BE,Belgium,2010,,6763.000,,,,,
dataflow,ESTAT:NRG_TI_SFF(1.0),Imports of solid fossil fuels by partner country,A,Annual,C0000X0350-0370,Solid fossil fuels,TOTAL,Total,THS_T,Thousand tonnes,BE,Belgium,2011,,6558.000,,,,,
dataflow,ESTAT:NRG_TI_SFF(1.0),Imports of solid fossil fuels by partner country,A,Annual,C0000X0350-0370,Solid fossil fuels,TOTAL,Total,THS_T,Thousand tonnes,BE,Belgium,2012,,5968.000,,,,,
dataflow,ESTAT:NRG_TI_SFF(1.0),Imports of solid fossil fuels by partner country,A,Annual,C0000X0350-0370,Solid fossil fuels,TOTAL,Total,THS_T,Thousand tonnes,BE,Belgium,2013,,6070.000,,,,,
dataflow,ESTAT:NRG_TI_SFF(1.0),Imports of solid fossil fuels by partner country,A,Annual,C0000X0350-0370,Solid fossil fuels,TOTAL,Total,THS_T,Thousand tonnes,BE,Belgium,2014,,5925.000,,,,,
dataflow,ESTAT:NRG_TI_SFF(1.0),Imports of solid fossil fuels by partner country,A,Annual,C0000X0350-0370,Solid fossil fuels,TOTAL,Total,THS_T,Thousand tonnes,BE,Belgium,2015,,4920.700,,,,,
dataflow,ESTAT:NRG_TI_SFF(1.0),Imports of solid fossil fuels by partner country,A,Annual,C0000X0350-0370,Solid fossil fuels,TOTAL,Total,THS_T,Thousand tonnes,BE,Belgium,2016,,4425.200,,,,,
dataflow,ESTAT:NRG_TI_SFF(1.0),Imports of solid fossil fuels by partner country,A,Annual,C0000X0350-0370,Solid fossil fuels,TOTAL,Total,THS_T,Thousand tonnes,BE,Belgium,2017,,4320.700,,,,,
dataflow,ESTAT:NRG_TI_SFF(1.0),Imports of solid fossil fuels by partner country,A,Annual,C0000X0350-0370,Solid fossil fuels,TOTAL,Total,THS_T,Thousand tonnes,BE,Belgium,2018,,4730.200,,,,,
dataflow,ESTAT:NRG_TI_SFF(1.0),Imports of solid fossil fuels by partner country,A,Annual,C0000X0350-0370,Solid fossil fuels,TOTAL,Total,THS_T,Thousand tonnes,BE,Belgium,2019,,4619.400,,,,,
dataflow,ESTAT:NRG_TI_SFF(1.0),Imports of solid fossil fuels by partner country,A,Annual,C0000X0350-0370,Solid fossil fuels,TOTAL,Total,THS_T,Thousand tonnes,BE,Belgium,2020,,3727.200,,,,,
dataflow,ESTAT:NRG_TI_SFF(1.0),Imports of solid fossil fuels by partner country,A,Annual,C0000X0350-0370,Solid fossil fuels,TOTAL,Total,THS_T,Thousand tonnes,BE,Belgium,2021,,3608.700,,,,,
dataflow,ESTAT:NRG_TI_SFF(1.0),Imports of solid fossil fuels by partner country,A,Annual,C0000X0350-0370,Solid fossil fuels,TOTAL,Total,THS_T,Thousand tonnes,BE,Belgium,2022,,4082.800,,,,,
dataflow,ESTAT:NRG_TI_SFF(1.0),Imports of solid fossil fuels by partner country,A,Annual,C0000X0350-0370,Solid fossil fuels,TOTAL,Total,THS_T,Thousand tonnes,BE,Belgium,2023,,3642.800,,,,,
dataflow,ESTAT:NRG_TI_SFF(1.0),Imports of solid fossil fuels by partner country,A,Annual,C0000X0350-0370,Solid fossil fuels,TOTAL,Total,THS_T,Thousand tonnes,BG,Bulgaria,2010,,2846.000,,,,,
dataflow,ESTAT:NRG_TI_SFF(1.0),Imports of solid fossil fuels by partner country,A,Annual,C0000X0350-0370,Solid fossil fuels,TOTAL,Total,THS_T,Thousand tonnes,BG,Bulgaria,2011,,3362.000,,,,,
dataflow,ESTAT:NRG_TI_SFF(1.0),Imports of solid fossil fuels by partner country,A,Annual,C0000X0350-0370,Solid fossil fuels,TOTAL,Total,THS_T,Thousand tonnes,BG,Bulgaria,2012,,2506.000,,,,,
dataflow,ESTAT:NRG_TI_SFF(1.0),Imports of solid fossil fuels by partner country,A,Annual,C0000X0350-0370,Solid fossil fuels,TOTAL,Total,THS_T,Thousand tonnes,BG,Bulgaria,2013,,1618.000,,,,,
dataflow,ESTAT:NRG_TI_SFF(1.0),Imports of solid fossil fuels by partner country,A,Annual,C0000X0350-0370,Solid fossil fuels,TOTAL,Total,THS_T,Thousand tonnes,BG,Bulgaria,2014,,1461.000,,,,,
dataflow,ESTAT:NRG_TI_SFF(1.0),Imports of solid fossil fuels by partner country,A,Annual,C0000X0350-0370,Solid fossil fuels,TOTAL,Total,THS_T,Thousand tonnes,BG,Bulgaria,2015,,1137.000,,,,,
dataflow,ESTAT:NRG_TI_SFF(1.0),Imports of solid fossil fuels by partner country,A,Annual,C0000X0350-0370,Solid fossil fuels,TOTAL,Total,THS_T,Thousand tonnes,BG,Bulgaria,2016,,859.000,,,,,
dataflow,ESTAT:NRG_TI_SFF(1.0),Imports of solid fossil fuels by partner country,A,Annual,C0000X0350-0370,Solid fossil fuels,TOTAL,Total,THS_T,Thousand tonnes,BG,Bulgaria,2017,,960.401,,,,,
dataflow,ESTAT:NRG_TI_SFF(1.0),Imports of solid fossil fuels by partner country,A,Annual,C0000X0350-0370,Solid fossil fuels,TOTAL,Total,THS_T,Thousand tonnes,BG,Bulgaria,2018,,897.079,,,,,
dataflow,ESTAT:NRG_TI_SFF(1.0),Imports of solid fossil fuels by partner country,A,Annual,C0000X0350-0370,Solid fossil fuels,TOTAL,Total,THS_T,Thousand tonnes,BG,Bulgaria,2019,,620.281,,,,,
dataflow,ESTAT:NRG_TI_SFF(1.0),Imports of solid fossil fuels by partner country,A,Annual,C0000X0350-0370,Solid fossil fuels,TOTAL,Total,THS_T,Thousand tonnes,BG,Bulgaria,2020,,661.034,,,,,
dataflow,ESTAT:NRG_TI_SFF(1.0),Imports of solid fossil fuels by partner country,A,Annual,C0000X0350-0370,Solid fossil fuels,TOTAL,Total,THS_T,Thousand tonnes,BG,Bulgaria,2021,,914.257,,,,,
dataflow,ESTAT:NRG_TI_SFF(1.0),Imports of solid fossil fuels by partner country,A,Annual,C0000X0350-0370,Solid fossil fuels,TOTAL,Total,THS_T,Thousand tonnes,BG,Bulgaria,2022,,1427.356,,,,,
dataflow,ESTAT:NRG_TI_SFF(1.0),Imports of solid fossil fuels by partner country,A,Annual,C0000X0350-0370,Solid fossil fuels,TOTAL,Total,THS_T,Thousand tonnes,BG,Bulgaria,2023,,644.644,,,,,
dataflow,ESTAT:NRG_TI_SFF(1.0),Imports of solid fossil fuels by partner country,A,Annual,C0000X0350-0370,Solid fossil fuels,TOTAL,Total,THS_T,Thousand tonnes,CY,Cyprus,2010,,18.000,,,,,
dataflow,ESTAT:NRG_TI_SFF(1.0),Imports of solid fossil fuels by partner country,A,Annual,C0000X0350-0370,Solid fossil fuels,TOTAL,Total,THS_T,Thousand tonnes,CY,Cyprus,2011,,1.000,,,,,
dataflow,ESTAT:NRG_TI_SFF(1.0),Imports of solid fossil fuels by partner country,A,Annual,C0000X0350-0370,Solid fossil fuels,TOTAL,Total,THS_T,Thousand tonnes,CY,Cyprus,2012,,1.000,,,,,
dataflow,ESTAT:NRG_TI_SFF(1.0),Imports of solid fossil fuels by partner country,A,Annual,C0000X0350-0370,Solid fossil fuels,TOTAL,Total,THS_T,Thousand tonnes,CY,Cyprus,2013,,1.000,,,,,
dataflow,ESTAT:NRG_TI_SFF(1.0),Imports of solid fossil fuels by partner country,A,Annual,C0000X0350-0370,Solid fossil fuels,TOTAL,Total,THS_T,Thousand tonnes,CY,Cyprus,2014,,5.000,,,,,
dataflow,ESTAT:NRG_TI_SFF(1.0),Imports of solid fossil fuels by partner country,A,Annual,C0000X0350-0370,Solid fossil fuels,TOTAL,Total,THS_T,Thousand tonnes,CY,Cyprus,2015,,6.000,,,,,
dataflow,ESTAT:NRG_TI_SFF(1.0),Imports of solid fossil fuels by partner country,A,Annual,C0000X0350-0370,Solid fossil fuels,TOTAL,Total,THS_T,Thousand tonnes,CY,Cyprus,2016,,0.000,,,,,
dataflow,ESTAT:NRG_TI_SFF(1.0),Imports of solid fossil fuels by partner country,A,Annual,C0000X0350-0370,Solid fossil fuels,TOTAL,Total,THS_T,Thousand tonnes,CY,Cyprus,2017,,16.500,,,,,
dataflow,ESTAT:NRG_TI_SFF(1.0),Imports of solid fossil fuels by partner country,A,Annual,C0000X0350-0370,Solid fossil fuels,TOTAL,Total,THS_T,Thousand tonnes,CY,Cyprus,2018,,22.000,,,,,
dataflow,ESTAT:NRG_TI_SFF(1.0),Imports of solid fossil fuels by partner country,A,Annual,C0000X0350-0370,Solid fossil fuels,TOTAL,Total,THS_T,Thousand tonnes,CY,Cyprus,2019,,32.454,,,,,
dataflow,ESTAT:NRG_TI_SFF(1.0),Imports of solid fossil fuels by partner country,A,Annual,C0000X0350-0370,Solid fossil fuels,TOTAL,Total,THS_T,Thousand tonnes,CY,Cyprus,2020,,23.643,,,,,
dataflow,ESTAT:NRG_TI_SFF(1.0),Imports of solid fossil fuels by partner country,A,Annual,C0000X0350-0370,Solid fossil fuels,TOTAL,Total,THS_T,Thousand tonnes,CY,Cyprus,2021,,64.823,,,,,
dataflow,ESTAT:NRG_TI_SFF(1.0),Imports of solid fossil fuels by partner country,A,Annual,C0000X0350-0370,Solid fossil fuels,TOTAL,Total,THS_T,Thousand tonnes,CY,Cyprus,2022,,77.650,,,,,
dataflow,ESTAT:NRG_TI_SFF(1.0),Imports of solid fossil fuels by partner country,A,Annual,C0000X0350-0370,Solid fossil fuels,TOTAL,Total,THS_T,Thousand tonnes,CY,Cyprus,2023,,22.002,,,,,
dataflow,ESTAT:NRG_TI_SFF(1.0),Imports of solid fossil fuels by partner country,A,Annual,C0000X0350-0370,Solid fossil fuels,TOTAL,Total,THS_T,Thousand tonnes,CZ,Czechia,2010,,3681.000,,,,,
dataflow,ESTAT:NRG_TI_SFF(1.0),Imports of solid fossil fuels by partner country,A,Annual,C0000X0350-0370,Solid fossil fuels,TOTAL,Total,THS_T,Thousand tonnes,CZ,Czechia,2011,,3769.000,,,,,
dataflow,ESTAT:NRG_TI_SFF(1.0),Imports of solid fossil fuels by partner country,A,Annual,C0000X0350-0370,Solid fossil fuels,TOTAL,Total,THS_T,Thousand tonnes,CZ,Czechia,2012,,3501.000,,,,,
dataflow,ESTAT:NRG_TI_SFF(1.0),Imports of solid fossil fuels by partner country,A,Annual,C0000X0350-0370,Solid fossil fuels,TOTAL,Total,THS_T,Thousand tonnes,CZ,Czechia,2013,,3635.000,,,,,
dataflow,ESTAT:NRG_TI_SFF(1.0),Imports of solid fossil fuels by partner country,A,Annual,C0000X0350-0370,Solid fossil fuels,TOTAL,Total,THS_T,Thousand tonnes,CZ,Czechia,2014,,5585.000,,,,,
dataflow,ESTAT:NRG_TI_SFF(1.0),Imports of solid fossil fuels by partner country,A,Annual,C0000X0350-0370,Solid fossil fuels,TOTAL,Total,THS_T,Thousand tonnes,CZ,Czechia,2015,,5046.000,,,,,
dataflow,ESTAT:NRG_TI_SFF(1.0),Imports of solid fossil fuels by partner country,A,Annual,C0000X0350-0370,Solid fossil fuels,TOTAL,Total,THS_T,Thousand tonnes,CZ,Czechia,2016,,4718.000,,,,,
dataflow,ESTAT:NRG_TI_SFF(1.0),Imports of solid fossil fuels by partner country,A,Annual,C0000X0350-0370,Solid fossil fuels,TOTAL,Total,THS_T,Thousand tonnes,CZ,Czechia,2017,,4796.189,,,,,
dataflow,ESTAT:NRG_TI_SFF(1.0),Imports of solid fossil fuels by partner country,A,Annual,C0000X0350-0370,Solid fossil fuels,TOTAL,Total,THS_T,Thousand tonnes,CZ,Czechia,2018,,4758.695,,,,,
dataflow,ESTAT:NRG_TI_SFF(1.0),Imports of solid fossil fuels by partner country,A,Annual,C0000X0350-0370,Solid fossil fuels,TOTAL,Total,THS_T,Thousand tonnes,CZ,Czechia,2019,,4449.049,,,,,
dataflow,ESTAT:NRG_TI_SFF(1.0),Imports of solid fossil fuels by partner country,A,Annual,C0000X0350-0370,Solid fossil fuels,TOTAL,Total,THS_T,Thousand tonnes,CZ,Czechia,2020,,4318.885,,,,,
dataflow,ESTAT:NRG_TI_SFF(1.0),Imports of solid fossil fuels by partner country,A,Annual,C0000X0350-0370,Solid fossil fuels,TOTAL,Total,THS_T,Thousand tonnes,CZ,Czechia,2021,,5443.200,,,,,
dataflow,ESTAT:NRG_TI_SFF(1.0),Imports of solid fossil fuels by partner country,A,Annual,C0000X0350-0370,Solid fossil fuels,TOTAL,Total,THS_T,Thousand tonnes,CZ,Czechia,2022,,5379.615,,,,,
dataflow,ESTAT:NRG_TI_SFF(1.0),Imports of solid fossil fuels by partner country,A,Annual,C0000X0350-0370,Solid fossil fuels,TOTAL,Total,THS_T,Thousand tonnes,CZ,Czechia,2023,,4404.284,,,,,
dataflow,ESTAT:NRG_TI_SFF(1.0),Imports of solid fossil fuels by partner country,A,Annual,C0000X0350-0370,Solid fossil fuels,TOTAL,Total,THS_T,Thousand tonnes,DE,Germany,2010,,50484.000,,,,,
dataflow,ESTAT:NRG_TI_SFF(1.0),Imports of solid fossil fuels by partner country,A,Annual,C0000X0350-0370,Solid fossil fuels,TOTAL,Total,THS_T,Thousand tonnes,DE,Germany,2011,,51916.000,,,,,
dataflow,ESTAT:NRG_TI_SFF(1.0),Imports of solid fossil fuels by partner country,A,Annual,C0000X0350-0370,Solid fossil fuels,TOTAL,Total,THS_T,Thousand tonnes,DE,Germany,2012,,52479.000,,,,,
dataflow,ESTAT:NRG_TI_SFF(1.0),Imports of solid fossil fuels by partner country,A,Annual,C0000X0350-0370,Solid fossil fuels,TOTAL,Total,THS_T,Thousand tonnes,DE,Germany,2013,,58034.000,,,,,
dataflow,ESTAT:NRG_TI_SFF(1.0),Imports of solid fossil fuels by partner country,A,Annual,C0000X0350-0370,Solid fossil fuels,TOTAL,Total,THS_T,Thousand tonnes,DE,Germany,2014,,57453.000,,,,,
dataflow,ESTAT:NRG_TI_SFF(1.0),Imports of solid fossil fuels by partner country,A,Annual,C0000X0350-0370,Solid fossil fuels,TOTAL,Total,THS_T,Thousand tonnes,DE,Germany,2015,,57637.000,,,,,
dataflow,ESTAT:NRG_TI_SFF(1.0),Imports of solid fossil fuels by partner country,A,Annual,C0000X0350-0370,Solid fossil fuels,TOTAL,Total,THS_T,Thousand tonnes,DE,Germany,2016,,60327.000,,,,,
dataflow,ESTAT:NRG_TI_SFF(1.0),Imports of solid fossil fuels by partner country,A,Annual,C0000X0350-0370,Solid fossil fuels,TOTAL,Total,THS_T,Thousand tonnes,DE,Germany,2017,,52935.000,,,,,
dataflow,ESTAT:NRG_TI_SFF(1.0),Imports of solid fossil fuels by partner country,A,Annual,C0000X0350-0370,Solid fossil fuels,TOTAL,Total,THS_T,Thousand tonnes,DE,Germany,2018,,47259.772,,,,,
dataflow,ESTAT:NRG_TI_SFF(1.0),Imports of solid fossil fuels by partner country,A,Annual,C0000X0350-0370,Solid fossil fuels,TOTAL,Total,THS_T,Thousand tonnes,DE,Germany,2019,,43007.711,,,,,
dataflow,ESTAT:NRG_TI_SFF(1.0),Imports of solid fossil fuels by partner country,A,Annual,C0000X0350-0370,Solid fossil fuels,TOTAL,Total,THS_T,Thousand tonnes,DE,Germany,2020,,31281.095,,,,,
dataflow,ESTAT:NRG_TI_SFF(1.0),Imports of solid fossil fuels by partner country,A,Annual,C0000X0350-0370,Solid fossil fuels,TOTAL,Total,THS_T,Thousand tonnes,DE,Germany,2021,,40851.878,,,,,
dataflow,ESTAT:NRG_TI_SFF(1.0),Imports of solid fossil fuels by partner country,A,Annual,C0000X0350-0370,Solid fossil fuels,TOTAL,Total,THS_T,Thousand tonnes,DE,Germany,2022,,44791.061,,,,,
dataflow,ESTAT:NRG_TI_SFF(1.0),Imports of solid fossil fuels by partner country,A,Annual,C0000X0350-0370,Solid fossil fuels,TOTAL,Total,THS_T,Thousand tonnes,DE,Germany,2023,,33025.415,,,,,
dataflow,ESTAT:NRG_TI_SFF(1.0),Imports of solid fossil fuels by partner country,A,Annual,C0000X0350-0370,Solid fossil fuels,TOTAL,Total,THS_T,Thousand tonnes,DK,Denmark,2010,,4594.000,,,,,
dataflow,ESTAT:NRG_TI_SFF(1.0),Imports of solid fossil fuels by partner country,A,Annual,C0000X0350-0370,Solid fossil fuels,TOTAL,Total,THS_T,Thousand tonnes,DK,Denmark,2011,,6159.000,,,,,
dataflow,ESTAT:NRG_TI_SFF(1.0),Imports of solid fossil fuels by partner country,A,Annual,C0000X0350-0370,Solid fossil fuels,TOTAL,Total,THS_T,Thousand tonnes,DK,Denmark,2012,,4000.000,,,,,
dataflow,ESTAT:NRG_TI_SFF(1.0),Imports of solid fossil fuels by partner country,A,Annual,C0000X0350-0370,Solid fossil fuels,TOTAL,Total,THS_T,Thousand tonnes,DK,Denmark,2013,,4973.000,,,,,
dataflow,ESTAT:NRG_TI_SFF(1.0),Imports of solid fossil fuels by partner country,A,Annual,C0000X0350-0370,Solid fossil fuels,TOTAL,Total,THS_T,Thousand tonnes,DK,Denmark,2014,,4554.000,,,,,
dataflow,ESTAT:NRG_TI_SFF(1.0),Imports of solid fossil fuels by partner country,A,Annual,C0000X0350-0370,Solid fossil fuels,TOTAL,Total,THS_T,Thousand tonnes,DK,Denmark,2015,,2772.426,,,,,
dataflow,ESTAT:NRG_TI_SFF(1.0),Imports of solid fossil fuels by partner country,A,Annual,C0000X0350-0370,Solid fossil fuels,TOTAL,Total,THS_T,Thousand tonnes,DK,Denmark,2016,,2897.384,,,,,
dataflow,ESTAT:NRG_TI_SFF(1.0),Imports of solid fossil fuels by partner country,A,Annual,C0000X0350-0370,Solid fossil fuels,TOTAL,Total,THS_T,Thousand tonnes,DK,Denmark,2017,,3085.752,,,,,
dataflow,ESTAT:NRG_TI_SFF(1.0),Imports of solid fossil fuels by partner country,A,Annual,C0000X0350-0370,Solid fossil fuels,TOTAL,Total,THS_T,Thousand tonnes,DK,Denmark,2018,,2770.486,,,,,
dataflow,ESTAT:NRG_TI_SFF(1.0),Imports of solid fossil fuels by partner country,A,Annual,C0000X0350-0370,Solid fossil fuels,TOTAL,Total,THS_T,Thousand tonnes,DK,Denmark,2019,,2396.234,,,,,
dataflow,ESTAT:NRG_TI_SFF(1.0),Imports of solid fossil fuels by partner country,A,Annual,C0000X0350-0370,Solid fossil fuels,TOTAL,Total,THS_T,Thousand tonnes,DK,Denmark,2020,,1122.166,,,,,
dataflow,ESTAT:NRG_TI_SFF(1.0),Imports of solid fossil fuels by partner country,A,Annual,C0000X0350-0370,Solid fossil fuels,TOTAL,Total,THS_T,Thousand tonnes,DK,Denmark,2021,,785.909,,,,,
dataflow,ESTAT:NRG_TI_SFF(1.0),Imports of solid fossil fuels by partner country,A,Annual,C0000X0350-0370,Solid fossil fuels,TOTAL,Total,THS_T,Thousand tonnes,DK,Denmark,2022,,1883.339,,,,,
dataflow,ESTAT:NRG_TI_SFF(1.0),Imports of solid fossil fuels by partner country,A,Annual,C0000X0350-0370,Solid fossil fuels,TOTAL,Total,THS_T,Thousand tonnes,DK,Denmark,2023,,1296.400,,,,,
dataflow,ESTAT:NRG_TI_SFF(1.0),Imports of solid fossil fuels by partner country,A,Annual,C0000X0350-0370,Solid fossil fuels,TOTAL,Total,THS_T,Thousand tonnes,EE,Estonia,2010,,71.000,,,,,
dataflow,ESTAT:NRG_TI_SFF(1.0),Imports of solid fossil fuels by partner country,A,Annual,C0000X0350-0370,Solid fossil fuels,TOTAL,Total,THS_T,Thousand tonnes,EE,Estonia,2011,,67.000,,,,,
dataflow,ESTAT:NRG_TI_SFF(1.0),Imports of solid fossil fuels by partner country,A,Annual,C0000X0350-0370,Solid fossil fuels,TOTAL,Total,THS_T,Thousand tonnes,EE,Estonia,2012,,82.000,,,,,
dataflow,ESTAT:NRG_TI_SFF(1.0),Imports of solid fossil fuels by partner country,A,Annual,C0000X0350-0370,Solid fossil fuels,TOTAL,Total,THS_T,Thousand tonnes,EE,Estonia,2013,,59.000,,,,,
dataflow,ESTAT:NRG_TI_SFF(1.0),Imports of solid fossil fuels by partner country,A,Annual,C0000X0350-0370,Solid fossil fuels,TOTAL,Total,THS_T,Thousand tonnes,EE,Estonia,2014,,82.000,,,,,
dataflow,ESTAT:NRG_TI_SFF(1.0),Imports of solid fossil fuels by partner country,A,Annual,C0000X0350-0370,Solid fossil fuels,TOTAL,Total,THS_T,Thousand tonnes,EE,Estonia,2015,,7.000,,,,,
dataflow,ESTAT:NRG_TI_SFF(1.0),Imports of solid fossil fuels by partner country,A,Annual,C0000X0350-0370,Solid fossil fuels,TOTAL,Total,THS_T,Thousand tonnes,EE,Estonia,2016,,23.000,,,,,
dataflow,ESTAT:NRG_TI_SFF(1.0),Imports of solid fossil fuels by partner country,A,Annual,C0000X0350-0370,Solid fossil fuels,TOTAL,Total,THS_T,Thousand tonnes,EE,Estonia,2017,,45.000,,,,,
dataflow,ESTAT:NRG_TI_SFF(1.0),Imports of solid fossil fuels by partner country,A,Annual,C0000X0350-0370,Solid fossil fuels,TOTAL,Total,THS_T,Thousand tonnes,EE,Estonia,2018,,44.000,,,,,
dataflow,ESTAT:NRG_TI_SFF(1.0),Imports of solid fossil fuels by partner country,A,Annual,C0000X0350-0370,Solid fossil fuels,TOTAL,Total,THS_T,Thousand tonnes,EE,Estonia,2019,,48.695,,,,,
dataflow,ESTAT:NRG_TI_SFF(1.0),Imports of solid fossil fuels by partner country,A,Annual,C0000X0350-0370,Solid fossil fuels,TOTAL,Total,THS_T,Thousand tonnes,EE,Estonia,2020,,3.500,,,,,
dataflow,ESTAT:NRG_TI_SFF(1.0),Imports of solid fossil fuels by partner country,A,Annual,C0000X0350-0370,Solid fossil fuels,TOTAL,Total,THS_T,Thousand tonnes,EE,Estonia,2021,,5.300,,,,,
dataflow,ESTAT:NRG_TI_SFF(1.0),Imports of solid fossil fuels by partner country,A,Annual,C0000X0350-0370,Solid fossil fuels,TOTAL,Total,THS_T,Thousand tonnes,EE,Estonia,2022,,3.000,,,,,
dataflow,ESTAT:NRG_TI_SFF(1.0),Imports of solid fossil fuels by partner country,A,Annual,C0000X0350-0370,Solid fossil fuels,TOTAL,Total,THS_T,Thousand tonnes,EE,Estonia,2023,,5.080,,,,,
dataflow,ESTAT:NRG_TI_SFF(1.0),Imports of solid fossil fuels by partner country,A,Annual,C0000X0350-0370,Solid fossil fuels,TOTAL,Total,THS_T,Thousand tonnes,EL,Greece,2010,,652.000,,,,,
dataflow,ESTAT:NRG_TI_SFF(1.0),Imports of solid fossil fuels by partner country,A,Annual,C0000X0350-0370,Solid fossil fuels,TOTAL,Total,THS_T,Thousand tonnes,EL,Greece,2011,,506.000,,,,,
dataflow,ESTAT:NRG_TI_SFF(1.0),Imports of solid fossil fuels by partner country,A,Annual,C0000X0350-0370,Solid fossil fuels,TOTAL,Total,THS_T,Thousand tonnes,EL,Greece,2012,,413.000,,,,,
dataflow,ESTAT:NRG_TI_SFF(1.0),Imports of solid fossil fuels by partner country,A,Annual,C0000X0350-0370,Solid fossil fuels,TOTAL,Total,THS_T,Thousand tonnes,EL,Greece,2013,,441.000,,,,,
dataflow,ESTAT:NRG_TI_SFF(1.0),Imports of solid fossil fuels by partner country,A,Annual,C0000X0350-0370,Solid fossil fuels,TOTAL,Total,THS_T,Thousand tonnes,EL,Greece,2014,,336.000,,,,,
dataflow,ESTAT:NRG_TI_SFF(1.0),Imports of solid fossil fuels by partner country,A,Annual,C0000X0350-0370,Solid fossil fuels,TOTAL,Total,THS_T,Thousand tonnes,EL,Greece,2015,,257.000,,,,,
dataflow,ESTAT:NRG_TI_SFF(1.0),Imports of solid fossil fuels by partner country,A,Annual,C0000X0350-0370,Solid fossil fuels,TOTAL,Total,THS_T,Thousand tonnes,EL,Greece,2016,,312.000,,,,,
dataflow,ESTAT:NRG_TI_SFF(1.0),Imports of solid fossil fuels by partner country,A,Annual,C0000X0350-0370,Solid fossil fuels,TOTAL,Total,THS_T,Thousand tonnes,EL,Greece,2017,,411.305,,,,,
dataflow,ESTAT:NRG_TI_SFF(1.0),Imports of solid fossil fuels by partner country,A,Annual,C0000X0350-0370,Solid fossil fuels,TOTAL,Total,THS_T,Thousand tonnes,EL,Greece,2018,,379.265,,,,,
dataflow,ESTAT:NRG_TI_SFF(1.0),Imports of solid fossil fuels by partner country,A,Annual,C0000X0350-0370,Solid fossil fuels,TOTAL,Total,THS_T,Thousand tonnes,EL,Greece,2019,,326.510,,,,,
dataflow,ESTAT:NRG_TI_SFF(1.0),Imports of solid fossil fuels by partner country,A,Annual,C0000X0350-0370,Solid fossil fuels,TOTAL,Total,THS_T,Thousand tonnes,EL,Greece,2020,,304.352,,,,,
dataflow,ESTAT:NRG_TI_SFF(1.0),Imports of solid fossil fuels by partner country,A,Annual,C0000X0350-0370,Solid fossil fuels,TOTAL,Total,THS_T,Thousand tonnes,EL,Greece,2021,,266.391,,,,,
dataflow,ESTAT:NRG_TI_SFF(1.0),Imports of solid fossil fuels by partner country,A,Annual,C0000X0350-0370,Solid fossil fuels,TOTAL,Total,THS_T,Thousand tonnes,EL,Greece,2022,,85.711,,,,,
dataflow,ESTAT:NRG_TI_SFF(1.0),Imports of solid fossil fuels by partner country,A,Annual,C0000X0350-0370,Solid fossil fuels,TOTAL,Total,THS_T,Thousand tonnes,EL,Greece,2023,,49.406,,,,,
dataflow,ESTAT:NRG_TI_SFF(1.0),Imports of solid fossil fuels by partner country,A,Annual,C0000X0350-0370,Solid fossil fuels,TOTAL,Total,THS_T,Thousand tonnes,ES,Spain,2010,,13021.000,,,,,
dataflow,ESTAT:NRG_TI_SFF(1.0),Imports of solid fossil fuels by partner country,A,Annual,C0000X0350-0370,Solid fossil fuels,TOTAL,Total,THS_T,Thousand tonnes,ES,Spain,2011,,16333.000,,,,,
dataflow,ESTAT:NRG_TI_SFF(1.0),Imports of solid fossil fuels by partner country,A,Annual,C0000X0350-0370,Solid fossil fuels,TOTAL,Total,THS_T,Thousand tonnes,ES,Spain,2012,,22582.000,,,,,
dataflow,ESTAT:NRG_TI_SFF(1.0),Imports of solid fossil fuels by partner country,A,Annual,C0000X0350-0370,Solid fossil fuels,TOTAL,Total,THS_T,Thousand tonnes,ES,Spain,2013,,13852.000,,,,,
dataflow,ESTAT:NRG_TI_SFF(1.0),Imports of solid fossil fuels by partner country,A,Annual,C0000X0350-0370,Solid fossil fuels,TOTAL,Total,THS_T,Thousand tonnes,ES,Spain,2014,,16642.000,,,,,
dataflow,ESTAT:NRG_TI_SFF(1.0),Imports of solid fossil fuels by partner country,A,Annual,C0000X0350-0370,Solid fossil fuels,TOTAL,Total,THS_T,Thousand tonnes,ES,Spain,2015,,19072.000,,,,,
dataflow,ESTAT:NRG_TI_SFF(1.0),Imports of solid fossil fuels by partner country,A,Annual,C0000X0350-0370,Solid fossil fuels,TOTAL,Total,THS_T,Thousand tonnes,ES,Spain,2016,,14016.000,,,,,
dataflow,ESTAT:NRG_TI_SFF(1.0),Imports of solid fossil fuels by partner country,A,Annual,C0000X0350-0370,Solid fossil fuels,TOTAL,Total,THS_T,Thousand tonnes,ES,Spain,2017,,19350.000,,,,,
dataflow,ESTAT:NRG_TI_SFF(1.0),Imports of solid fossil fuels by partner country,A,Annual,C0000X0350-0370,Solid fossil fuels,TOTAL,Total,THS_T,Thousand tonnes,ES,Spain,2018,,16543.000,,,,,
dataflow,ESTAT:NRG_TI_SFF(1.0),Imports of solid fossil fuels by partner country,A,Annual,C0000X0350-0370,Solid fossil fuels,TOTAL,Total,THS_T,Thousand tonnes,ES,Spain,2019,,9427.000,,,,,
dataflow,ESTAT:NRG_TI_SFF(1.0),Imports of solid fossil fuels by partner country,A,Annual,C0000X0350-0370,Solid fossil fuels,TOTAL,Total,THS_T,Thousand tonnes,ES,Spain,2020,,4856.000,,,,,
dataflow,ESTAT:NRG_TI_SFF(1.0),Imports of solid fossil fuels by partner country,A,Annual,C0000X0350-0370,Solid fossil fuels,TOTAL,Total,THS_T,Thousand tonnes,ES,Spain,2021,,6075.000,,,,,
dataflow,ESTAT:NRG_TI_SFF(1.0),Imports of solid fossil fuels by partner country,A,Annual,C0000X0350-0370,Solid fossil fuels,TOTAL,Total,THS_T,Thousand tonnes,ES,Spain,2022,,10363.480,,,,,
dataflow,ESTAT:NRG_TI_SFF(1.0),Imports of solid fossil fuels by partner country,A,Annual,C0000X0350-0370,Solid fossil fuels,TOTAL,Total,THS_T,Thousand tonnes,ES,Spain,2023,,6942.533,,,,,
dataflow,ESTAT:NRG_TI_SFF(1.0),Imports of solid fossil fuels by partner country,A,Annual,C0000X0350-0370,Solid fossil fuels,TOTAL,Total,THS_T,Thousand tonnes,FI,Finland,2010,,6361.000,,,,,
dataflow,ESTAT:NRG_TI_SFF(1.0),Imports of solid fossil fuels by partner country,A,Annual,C0000X0350-0370,Solid fossil fuels,TOTAL,Total,THS_T,Thousand tonnes,FI,Finland,2011,,7414.000,,,,,
dataflow,ESTAT:NRG_TI_SFF(1.0),Imports of solid fossil fuels by partner country,A,Annual,C0000X0350-0370,Solid fossil fuels,TOTAL,Total,THS_T,Thousand tonnes,FI,Finland,2012,,4229.000,,,,,
dataflow,ESTAT:NRG_TI_SFF(1.0),Imports of solid fossil fuels by partner country,A,Annual,C0000X0350-0370,Solid fossil fuels,TOTAL,Total,THS_T,Thousand tonnes,FI,Finland,2013,,5440.000,,,,,
dataflow,ESTAT:NRG_TI_SFF(1.0),Imports of solid fossil fuels by partner country,A,Annual,C0000X0350-0370,Solid fossil fuels,TOTAL,Total,THS_T,Thousand tonnes,FI,Finland,2014,,5865.000,,,,,
dataflow,ESTAT:NRG_TI_SFF(1.0),Imports of solid fossil fuels by partner country,A,Annual,C0000X0350-0370,Solid fossil fuels,TOTAL,Total,THS_T,Thousand tonnes,FI,Finland,2015,,4047.000,,,,,
dataflow,ESTAT:NRG_TI_SFF(1.0),Imports of solid fossil fuels by partner country,A,Annual,C0000X0350-0370,Solid fossil fuels,TOTAL,Total,THS_T,Thousand tonnes,FI,Finland,2016,,4335.000,,,,,
dataflow,ESTAT:NRG_TI_SFF(1.0),Imports of solid fossil fuels by partner country,A,Annual,C0000X0350-0370,Solid fossil fuels,TOTAL,Total,THS_T,Thousand tonnes,FI,Finland,2017,,4225.000,,,,,
dataflow,ESTAT:NRG_TI_SFF(1.0),Imports of solid fossil fuels by partner country,A,Annual,C0000X0350-0370,Solid fossil fuels,TOTAL,Total,THS_T,Thousand tonnes,FI,Finland,2018,,4420.000,,,,,
dataflow,ESTAT:NRG_TI_SFF(1.0),Imports of solid fossil fuels by partner country,A,Annual,C0000X0350-0370,Solid fossil fuels,TOTAL,Total,THS_T,Thousand tonnes,FI,Finland,2019,,3478.000,,,,,
dataflow,ESTAT:NRG_TI_SFF(1.0),Imports of solid fossil fuels by partner country,A,Annual,C0000X0350-0370,Solid fossil fuels,TOTAL,Total,THS_T,Thousand tonnes,FI,Finland,2020,,2733.000,,,,,
dataflow,ESTAT:NRG_TI_SFF(1.0),Imports of solid fossil fuels by partner country,A,Annual,C0000X0350-0370,Solid fossil fuels,TOTAL,Total,THS_T,Thousand tonnes,FI,Finland,2021,,2353.000,,,,,
dataflow,ESTAT:NRG_TI_SFF(1.0),Imports of solid fossil fuels by partner country,A,Annual,C0000X0350-0370,Solid fossil fuels,TOTAL,Total,THS_T,Thousand tonnes,FI,Finland,2022,,4319.000,,,,,
dataflow,ESTAT:NRG_TI_SFF(1.0),Imports of solid fossil fuels by partner country,A,Annual,C0000X0350-0370,Solid fossil fuels,TOTAL,Total,THS_T,Thousand tonnes,FI,Finland,2023,,1887.000,,,,,
dataflow,ESTAT:NRG_TI_SFF(1.0),Imports of solid fossil fuels by partner country,A,Annual,C0000X0350-0370,Solid fossil fuels,TOTAL,Total,THS_T,Thousand tonnes,FR,France,2010,,19005.000,,,,,
dataflow,ESTAT:NRG_TI_SFF(1.0),Imports of solid fossil fuels by partner country,A,Annual,C0000X0350-0370,Solid fossil fuels,TOTAL,Total,THS_T,Thousand tonnes,FR,France,2011,,17502.000,,,,,
dataflow,ESTAT:NRG_TI_SFF(1.0),Imports of solid fossil fuels by partner country,A,Annual,C0000X0350-0370,Solid fossil fuels,TOTAL,Total,THS_T,Thousand tonnes,FR,France,2012,,18508.000,,,,,
dataflow,ESTAT:NRG_TI_SFF(1.0),Imports of solid fossil fuels by partner country,A,Annual,C0000X0350-0370,Solid fossil fuels,TOTAL,Total,THS_T,Thousand tonnes,FR,France,2013,,18915.000,,,,,
dataflow,ESTAT:NRG_TI_SFF(1.0),Imports of solid fossil fuels by partner country,A,Annual,C0000X0350-0370,Solid fossil fuels,TOTAL,Total,THS_T,Thousand tonnes,FR,France,2014,,14834.000,,,,,
dataflow,ESTAT:NRG_TI_SFF(1.0),Imports of solid fossil fuels by partner country,A,Annual,C0000X0350-0370,Solid fossil fuels,TOTAL,Total,THS_T,Thousand tonnes,FR,France,2015,,13984.000,,,,,
dataflow,ESTAT:NRG_TI_SFF(1.0),Imports of solid fossil fuels by partner country,A,Annual,C0000X0350-0370,Solid fossil fuels,TOTAL,Total,THS_T,Thousand tonnes,FR,France,2016,,13108.000,,,,,
dataflow,ESTAT:NRG_TI_SFF(1.0),Imports of solid fossil fuels by partner country,A,Annual,C0000X0350-0370,Solid fossil fuels,TOTAL,Total,THS_T,Thousand tonnes,FR,France,2017,,15593.812,,,,,
dataflow,ESTAT:NRG_TI_SFF(1.0),Imports of solid fossil fuels by partner country,A,Annual,C0000X0350-0370,Solid fossil fuels,TOTAL,Total,THS_T,Thousand tonnes,FR,France,2018,,14095.619,,,,,
dataflow,ESTAT:NRG_TI_SFF(1.0),Imports of solid fossil fuels by partner country,A,Annual,C0000X0350-0370,Solid fossil fuels,TOTAL,Total,THS_T,Thousand tonnes,FR,France,2019,,10984.974,,,,,
dataflow,ESTAT:NRG_TI_SFF(1.0),Imports of solid fossil fuels by partner country,A,Annual,C0000X0350-0370,Solid fossil fuels,TOTAL,Total,THS_T,Thousand tonnes,FR,France,2020,,7703.911,,,,,
dataflow,ESTAT:NRG_TI_SFF(1.0),Imports of solid fossil fuels by partner country,A,Annual,C0000X0350-0370,Solid fossil fuels,TOTAL,Total,THS_T,Thousand tonnes,FR,France,2021,,9371.871,,,,,
dataflow,ESTAT:NRG_TI_SFF(1.0),Imports of solid fossil fuels by partner country,A,Annual,C0000X0350-0370,Solid fossil fuels,TOTAL,Total,THS_T,Thousand tonnes,FR,France,2022,,9126.354,,,,,
dataflow,ESTAT:NRG_TI_SFF(1.0),Imports of solid fossil fuels by partner country,A,Annual,C0000X0350-0370,Solid fossil fuels,TOTAL,Total,THS_T,Thousand tonnes,FR,France,2023,,6720.779,,,,,
dataflow,ESTAT:NRG_TI_SFF(1.0),Imports of solid fossil fuels by partner country,A,Annual,C0000X0350-0370,Solid fossil fuels,TOTAL,Total,THS_T,Thousand tonnes,HR,Croatia,2010,,1227.000,,,,,
dataflow,ESTAT:NRG_TI_SFF(1.0),Imports of solid fossil fuels by partner country,A,Annual,C0000X0350-0370,Solid fossil fuels,TOTAL,Total,THS_T,Thousand tonnes,HR,Croatia,2011,,1206.000,,,,,
dataflow,ESTAT:NRG_TI_SFF(1.0),Imports of solid fossil fuels by partner country,A,Annual,C0000X0350-0370,Solid fossil fuels,TOTAL,Total,THS_T,Thousand tonnes,HR,Croatia,2012,,948.800,,,,,
dataflow,ESTAT:NRG_TI_SFF(1.0),Imports of solid fossil fuels by partner country,A,Annual,C0000X0350-0370,Solid fossil fuels,TOTAL,Total,THS_T,Thousand tonnes,HR,Croatia,2013,,1251.000,,,,,
dataflow,ESTAT:NRG_TI_SFF(1.0),Imports of solid fossil fuels by partner country,A,Annual,C0000X0350-0370,Solid fossil fuels,TOTAL,Total,THS_T,Thousand tonnes,HR,Croatia,2014,,1019.300,,,,,
dataflow,ESTAT:NRG_TI_SFF(1.0),Imports of solid fossil fuels by partner country,A,Annual,C0000X0350-0370,Solid fossil fuels,TOTAL,Total,THS_T,Thousand tonnes,HR,Croatia,2015,,1055.200,,,,,
dataflow,ESTAT:NRG_TI_SFF(1.0),Imports of solid fossil fuels by partner country,A,Annual,C0000X0350-0370,Solid fossil fuels,TOTAL,Total,THS_T,Thousand tonnes,HR,Croatia,2016,,1118.900,,,,,
dataflow,ESTAT:NRG_TI_SFF(1.0),Imports of solid fossil fuels by partner country,A,Annual,C0000X0350-0370,Solid fossil fuels,TOTAL,Total,THS_T,Thousand tonnes,HR,Croatia,2017,,669.800,,,,,
dataflow,ESTAT:NRG_TI_SFF(1.0),Imports of solid fossil fuels by partner country,A,Annual,C0000X0350-0370,Solid fossil fuels,TOTAL,Total,THS_T,Thousand tonnes,HR,Croatia,2018,,564.200,,,,,
dataflow,ESTAT:NRG_TI_SFF(1.0),Imports of solid fossil fuels by partner country,A,Annual,C0000X0350-0370,Solid fossil fuels,TOTAL,Total,THS_T,Thousand tonnes,HR,Croatia,2019,,768.200,,,,,
dataflow,ESTAT:NRG_TI_SFF(1.0),Imports of solid fossil fuels by partner country,A,Annual,C0000X0350-0370,Solid fossil fuels,TOTAL,Total,THS_T,Thousand tonnes,HR,Croatia,2020,,639.600,,,,,
dataflow,ESTAT:NRG_TI_SFF(1.0),Imports of solid fossil fuels by partner country,A,Annual,C0000X0350-0370,Solid fossil fuels,TOTAL,Total,THS_T,Thousand tonnes,HR,Croatia,2021,,704.800,,,,,
dataflow,ESTAT:NRG_TI_SFF(1.0),Imports of solid fossil fuels by partner country,A,Annual,C0000X0350-0370,Solid fossil fuels,TOTAL,Total,THS_T,Thousand tonnes,HR,Croatia,2022,,683.100,,,,,
dataflow,ESTAT:NRG_TI_SFF(1.0),Imports of solid fossil fuels by partner country,A,Annual,C0000X0350-0370,Solid fossil fuels,TOTAL,Total,THS_T,Thousand tonnes,HR,Croatia,2023,,637.700,,,,,
dataflow,ESTAT:NRG_TI_SFF(1.0),Imports of solid fossil fuels by partner country,A,Annual,C0000X0350-0370,Solid fossil fuels,TOTAL,Total,THS_T,Thousand tonnes,HU,Hungary,2010,,2083.000,,,,,
dataflow,ESTAT:NRG_TI_SFF(1.0),Imports of solid fossil fuels by partner country,A,Annual,C0000X0350-0370,Solid fossil fuels,TOTAL,Total,THS_T,Thousand tonnes,HU,Hungary,2011,,1891.000,,,,,
dataflow,ESTAT:NRG_TI_SFF(1.0),Imports of solid fossil fuels by partner country,A,Annual,C0000X0350-0370,Solid fossil fuels,TOTAL,Total,THS_T,Thousand tonnes,HU,Hungary,2012,,1796.000,,,,,
dataflow,ESTAT:NRG_TI_SFF(1.0),Imports of solid fossil fuels by partner country,A,Annual,C0000X0350-0370,Solid fossil fuels,TOTAL,Total,THS_T,Thousand tonnes,HU,Hungary,2013,,1581.000,,,,,
dataflow,ESTAT:NRG_TI_SFF(1.0),Imports of solid fossil fuels by partner country,A,Annual,C0000X0350-0370,Solid fossil fuels,TOTAL,Total,THS_T,Thousand tonnes,HU,Hungary,2014,,1596.000,,,,,
dataflow,ESTAT:NRG_TI_SFF(1.0),Imports of solid fossil fuels by partner country,A,Annual,C0000X0350-0370,Solid fossil fuels,TOTAL,Total,THS_T,Thousand tonnes,HU,Hungary,2015,,1649.000,,,,,
dataflow,ESTAT:NRG_TI_SFF(1.0),Imports of solid fossil fuels by partner country,A,Annual,C0000X0350-0370,Solid fossil fuels,TOTAL,Total,THS_T,Thousand tonnes,HU,Hungary,2016,,1608.000,,,,,
dataflow,ESTAT:NRG_TI_SFF(1.0),Imports of solid fossil fuels by partner country,A,Annual,C0000X0350-0370,Solid fossil fuels,TOTAL,Total,THS_T,Thousand tonnes,HU,Hungary,2017,,1874.000,,,,,
dataflow,ESTAT:NRG_TI_SFF(1.0),Imports of solid fossil fuels by partner country,A,Annual,C0000X0350-0370,Solid fossil fuels,TOTAL,Total,THS_T,Thousand tonnes,HU,Hungary,2018,,1838.000,,,,,
dataflow,ESTAT:NRG_TI_SFF(1.0),Imports of solid fossil fuels by partner country,A,Annual,C0000X0350-0370,Solid fossil fuels,TOTAL,Total,THS_T,Thousand tonnes,HU,Hungary,2019,,1563.000,,,,,
dataflow,ESTAT:NRG_TI_SFF(1.0),Imports of solid fossil fuels by partner country,A,Annual,C0000X0350-0370,Solid fossil fuels,TOTAL,Total,THS_T,Thousand tonnes,HU,Hungary,2020,,1343.000,,,,,
dataflow,ESTAT:NRG_TI_SFF(1.0),Imports of solid fossil fuels by partner country,A,Annual,C0000X0350-0370,Solid fossil fuels,TOTAL,Total,THS_T,Thousand tonnes,HU,Hungary,2021,,1255.000,,,,,
dataflow,ESTAT:NRG_TI_SFF(1.0),Imports of solid fossil fuels by partner country,A,Annual,C0000X0350-0370,Solid fossil fuels,TOTAL,Total,THS_T,Thousand tonnes,HU,Hungary,2022,,935.000,,,,,
dataflow,ESTAT:NRG_TI_SFF(1.0),Imports of solid fossil fuels by partner country,A,Annual,C0000X0350-0370,Solid fossil fuels,TOTAL,Total,THS_T,Thousand tonnes,HU,Hungary,2023,,455.000,,,,,
dataflow,ESTAT:NRG_TI_SFF(1.0),Imports of solid fossil fuels by partner country,A,Annual,C0000X0350-0370,Solid fossil fuels,TOTAL,Total,THS_T,Thousand tonnes,IE,Ireland,2010,,1611.258,,,,,
dataflow,ESTAT:NRG_TI_SFF(1.0),Imports of solid fossil fuels by partner country,A,Annual,C0000X0350-0370,Solid fossil fuels,TOTAL,Total,THS_T,Thousand tonnes,IE,Ireland,2011,,2289.798,,,,,
dataflow,ESTAT:NRG_TI_SFF(1.0),Imports of solid fossil fuels by partner country,A,Annual,C0000X0350-0370,Solid fossil fuels,TOTAL,Total,THS_T,Thousand tonnes,IE,Ireland,2012,,2230.430,,,,,
dataflow,ESTAT:NRG_TI_SFF(1.0),Imports of solid fossil fuels by partner country,A,Annual,C0000X0350-0370,Solid fossil fuels,TOTAL,Total,THS_T,Thousand tonnes,IE,Ireland,2013,,2407.011,,,,,
dataflow,ESTAT:NRG_TI_SFF(1.0),Imports of solid fossil fuels by partner country,A,Annual,C0000X0350-0370,Solid fossil fuels,TOTAL,Total,THS_T,Thousand tonnes,IE,Ireland,2014,,2011.211,,,,,
dataflow,ESTAT:NRG_TI_SFF(1.0),Imports of solid fossil fuels by partner country,A,Annual,C0000X0350-0370,Solid fossil fuels,TOTAL,Total,THS_T,Thousand tonnes,IE,Ireland,2015,,2469.879,,,,,
dataflow,ESTAT:NRG_TI_SFF(1.0),Imports of solid fossil fuels by partner country,A,Annual,C0000X0350-0370,Solid fossil fuels,TOTAL,Total,THS_T,Thousand tonnes,IE,Ireland,2016,,2033.449,,,,,
dataflow,ESTAT:NRG_TI_SFF(1.0),Imports of solid fossil fuels by partner country,A,Annual,C0000X0350-0370,Solid fossil fuels,TOTAL,Total,THS_T,Thousand tonnes,IE,Ireland,2017,,2045.537,,,,,
dataflow,ESTAT:NRG_TI_SFF(1.0),Imports of solid fossil fuels by partner country,A,Annual,C0000X0350-0370,Solid fossil fuels,TOTAL,Total,THS_T,Thousand tonnes,IE,Ireland,2018,,1428.275,,,,,
dataflow,ESTAT:NRG_TI_SFF(1.0),Imports of solid fossil fuels by partner country,A,Annual,C0000X0350-0370,Solid fossil fuels,TOTAL,Total,THS_T,Thousand tonnes,IE,Ireland,2019,,421.652,,,,,
dataflow,ESTAT:NRG_TI_SFF(1.0),Imports of solid fossil fuels by partner country,A,Annual,C0000X0350-0370,Solid fossil fuels,TOTAL,Total,THS_T,Thousand tonnes,IE,Ireland,2020,,425.278,,,,,
dataflow,ESTAT:NRG_TI_SFF(1.0),Imports of solid fossil fuels by partner country,A,Annual,C0000X0350-0370,Solid fossil fuels,TOTAL,Total,THS_T,Thousand tonnes,IE,Ireland,2021,,1587.700,,,,,
dataflow,ESTAT:NRG_TI_SFF(1.0),Imports of solid fossil fuels by partner country,A,Annual,C0000X0350-0370,Solid fossil fuels,TOTAL,Total,THS_T,Thousand tonnes,IE,Ireland,2022,,1493.351,,,,,
dataflow,ESTAT:NRG_TI_SFF(1.0),Imports of solid fossil fuels by partner country,A,Annual,C0000X0350-0370,Solid fossil fuels,TOTAL,Total,THS_T,Thousand tonnes,IE,Ireland,2023,,635.332,,,,,
dataflow,ESTAT:NRG_TI_SFF(1.0),Imports of solid fossil fuels by partner country,A,Annual,C0000X0350-0370,Solid fossil fuels,TOTAL,Total,THS_T,Thousand tonnes,IT,Italy,2010,,22130.000,,,,,
dataflow,ESTAT:NRG_TI_SFF(1.0),Imports of solid fossil fuels by partner country,A,Annual,C0000X0350-0370,Solid fossil fuels,TOTAL,Total,THS_T,Thousand tonnes,IT,Italy,2011,,23504.000,,,,,
dataflow,ESTAT:NRG_TI_SFF(1.0),Imports of solid fossil fuels by partner country,A,Annual,C0000X0350-0370,Solid fossil fuels,TOTAL,Total,THS_T,Thousand tonnes,IT,Italy,2012,,24501.000,,,,,
dataflow,ESTAT:NRG_TI_SFF(1.0),Imports of solid fossil fuels by partner country,A,Annual,C0000X0350-0370,Solid fossil fuels,TOTAL,Total,THS_T,Thousand tonnes,IT,Italy,2013,,21066.000,,,,,
dataflow,ESTAT:NRG_TI_SFF(1.0),Imports of solid fossil fuels by partner country,A,Annual,C0000X0350-0370,Solid fossil fuels,TOTAL,Total,THS_T,Thousand tonnes,IT,Italy,2014,,21147.000,,,,,
dataflow,ESTAT:NRG_TI_SFF(1.0),Imports of solid fossil fuels by partner country,A,Annual,C0000X0350-0370,Solid fossil fuels,TOTAL,Total,THS_T,Thousand tonnes,IT,Italy,2015,,20316.000,,,,,
dataflow,ESTAT:NRG_TI_SFF(1.0),Imports of solid fossil fuels by partner country,A,Annual,C0000X0350-0370,Solid fossil fuels,TOTAL,Total,THS_T,Thousand tonnes,IT,Italy,2016,,17693.000,,,,,
dataflow,ESTAT:NRG_TI_SFF(1.0),Imports of solid fossil fuels by partner country,A,Annual,C0000X0350-0370,Solid fossil fuels,TOTAL,Total,THS_T,Thousand tonnes,IT,Italy,2017,,15920.448,,,,,
dataflow,ESTAT:NRG_TI_SFF(1.0),Imports of solid fossil fuels by partner country,A,Annual,C0000X0350-0370,Solid fossil fuels,TOTAL,Total,THS_T,Thousand tonnes,IT,Italy,2018,,14804.231,,,,,
dataflow,ESTAT:NRG_TI_SFF(1.0),Imports of solid fossil fuels by partner country,A,Annual,C0000X0350-0370,Solid fossil fuels,TOTAL,Total,THS_T,Thousand tonnes,IT,Italy,2019,,10844.556,,,,,
dataflow,ESTAT:NRG_TI_SFF(1.0),Imports of solid fossil fuels by partner country,A,Annual,C0000X0350-0370,Solid fossil fuels,TOTAL,Total,THS_T,Thousand tonnes,IT,Italy,2020,,7607.659,,,,,
dataflow,ESTAT:NRG_TI_SFF(1.0),Imports of solid fossil fuels by partner country,A,Annual,C0000X0350-0370,Solid fossil fuels,TOTAL,Total,THS_T,Thousand tonnes,IT,Italy,2021,,8548.389,,,,,
dataflow,ESTAT:NRG_TI_SFF(1.0),Imports of solid fossil fuels by partner country,A,Annual,C0000X0350-0370,Solid fossil fuels,TOTAL,Total,THS_T,Thousand tonnes,IT,Italy,2022,,12125.890,,,,,
dataflow,ESTAT:NRG_TI_SFF(1.0),Imports of solid fossil fuels by partner country,A,Annual,C0000X0350-0370,Solid fossil fuels,TOTAL,Total,THS_T,Thousand tonnes,IT,Italy,2023,,7398.574,,,,,
dataflow,ESTAT:NRG_TI_SFF(1.0),Imports of solid fossil fuels by partner country,A,Annual,C0000X0350-0370,Solid fossil fuels,TOTAL,Total,THS_T,Thousand tonnes,LT,Lithuania,2010,,336.000,,,,,
dataflow,ESTAT:NRG_TI_SFF(1.0),Imports of solid fossil fuels by partner country,A,Annual,C0000X0350-0370,Solid fossil fuels,TOTAL,Total,THS_T,Thousand tonnes,LT,Lithuania,2011,,414.000,,,,,
dataflow,ESTAT:NRG_TI_SFF(1.0),Imports of solid fossil fuels by partner country,A,Annual,C0000X0350-0370,Solid fossil fuels,TOTAL,Total,THS_T,Thousand tonnes,LT,Lithuania,2012,,340.000,,,,,
dataflow,ESTAT:NRG_TI_SFF(1.0),Imports of solid fossil fuels by partner country,A,Annual,C0000X0350-0370,Solid fossil fuels,TOTAL,Total,THS_T,Thousand tonnes,LT,Lithuania,2013,,440.000,,,,,
dataflow,ESTAT:NRG_TI_SFF(1.0),Imports of solid fossil fuels by partner country,A,Annual,C0000X0350-0370,Solid fossil fuels,TOTAL,Total,THS_T,Thousand tonnes,LT,Lithuania,2014,,318.000,,,,,
dataflow,ESTAT:NRG_TI_SFF(1.0),Imports of solid fossil fuels by partner country,A,Annual,C0000X0350-0370,Solid fossil fuels,TOTAL,Total,THS_T,Thousand tonnes,LT,Lithuania,2015,,240.000,,,,,
dataflow,ESTAT:NRG_TI_SFF(1.0),Imports of solid fossil fuels by partner country,A,Annual,C0000X0350-0370,Solid fossil fuels,TOTAL,Total,THS_T,Thousand tonnes,LT,Lithuania,2016,,241.000,,,,,
dataflow,ESTAT:NRG_TI_SFF(1.0),Imports of solid fossil fuels by partner country,A,Annual,C0000X0350-0370,Solid fossil fuels,TOTAL,Total,THS_T,Thousand tonnes,LT,Lithuania,2017,,290.800,,,,,
dataflow,ESTAT:NRG_TI_SFF(1.0),Imports of solid fossil fuels by partner country,A,Annual,C0000X0350-0370,Solid fossil fuels,TOTAL,Total,THS_T,Thousand tonnes,LT,Lithuania,2018,,282.400,,,,,
dataflow,ESTAT:NRG_TI_SFF(1.0),Imports of solid fossil fuels by partner country,A,Annual,C0000X0350-0370,Solid fossil fuels,TOTAL,Total,THS_T,Thousand tonnes,LT,Lithuania,2019,,302.300,,,,,
dataflow,ESTAT:NRG_TI_SFF(1.0),Imports of solid fossil fuels by partner country,A,Annual,C0000X0350-0370,Solid fossil fuels,TOTAL,Total,THS_T,Thousand tonnes,LT,Lithuania,2020,,194.100,,,,,
dataflow,ESTAT:NRG_TI_SFF(1.0),Imports of solid fossil fuels by partner country,A,Annual,C0000X0350-0370,Solid fossil fuels,TOTAL,Total,THS_T,Thousand tonnes,LT,Lithuania,2021,,242.300,,,,,
dataflow,ESTAT:NRG_TI_SFF(1.0),Imports of solid fossil fuels by partner country,A,Annual,C0000X0350-0370,Solid fossil fuels,TOTAL,Total,THS_T,Thousand tonnes,LT,Lithuania,2022,,336.800,,,,,
dataflow,ESTAT:NRG_TI_SFF(1.0),Imports of solid fossil fuels by partner country,A,Annual,C0000X0350-0370,Solid fossil fuels,TOTAL,Total,THS_T,Thousand tonnes,LT,Lithuania,2023,,148.900,,,,,
dataflow,ESTAT:NRG_TI_SFF(1.0),Imports of solid fossil fuels by partner country,A,Annual,C0000X0350-0370,Solid fossil fuels,TOTAL,Total,THS_T,Thousand tonnes,LU,Luxembourg,2010,,113.336,,,,,
dataflow,ESTAT:NRG_TI_SFF(1.0),Imports of solid fossil fuels by partner country,A,Annual,C0000X0350-0370,Solid fossil fuels,TOTAL,Total,THS_T,Thousand tonnes,LU,Luxembourg,2011,,99.195,,,,,
dataflow,ESTAT:NRG_TI_SFF(1.0),Imports of solid fossil fuels by partner country,A,Annual,C0000X0350-0370,Solid fossil fuels,TOTAL,Total,THS_T,Thousand tonnes,LU,Luxembourg,2012,,91.738,,,,,
dataflow,ESTAT:NRG_TI_SFF(1.0),Imports of solid fossil fuels by partner country,A,Annual,C0000X0350-0370,Solid fossil fuels,TOTAL,Total,THS_T,Thousand tonnes,LU,Luxembourg,2013,,84.571,,,,,
dataflow,ESTAT:NRG_TI_SFF(1.0),Imports of solid fossil fuels by partner country,A,Annual,C0000X0350-0370,Solid fossil fuels,TOTAL,Total,THS_T,Thousand tonnes,LU,Luxembourg,2014,,94.900,,,,,
dataflow,ESTAT:NRG_TI_SFF(1.0),Imports of solid fossil fuels by partner country,A,Annual,C0000X0350-0370,Solid fossil fuels,TOTAL,Total,THS_T,Thousand tonnes,LU,Luxembourg,2015,,83.860,,,,,
dataflow,ESTAT:NRG_TI_SFF(1.0),Imports of solid fossil fuels by partner country,A,Annual,C0000X0350-0370,Solid fossil fuels,TOTAL,Total,THS_T,Thousand tonnes,LU,Luxembourg,2016,,93.136,,,,,
dataflow,ESTAT:NRG_TI_SFF(1.0),Imports of solid fossil fuels by partner country,A,Annual,C0000X0350-0370,Solid fossil fuels,TOTAL,Total,THS_T,Thousand tonnes,LU,Luxembourg,2017,,78.030,,,,,
dataflow,ESTAT:NRG_TI_SFF(1.0),Imports of solid fossil fuels by partner country,A,Annual,C0000X0350-0370,Solid fossil fuels,TOTAL,Total,THS_T,Thousand tonnes,LU,Luxembourg,2018,,72.536,,,,,
dataflow,ESTAT:NRG_TI_SFF(1.0),Imports of solid fossil fuels by partner country,A,Annual,C0000X0350-0370,Solid fossil fuels,TOTAL,Total,THS_T,Thousand tonnes,LU,Luxembourg,2019,,73.365,,,,,
dataflow,ESTAT:NRG_TI_SFF(1.0),Imports of solid fossil fuels by partner country,A,Annual,C0000X0350-0370,Solid fossil fuels,TOTAL,Total,THS_T,Thousand tonnes,LU,Luxembourg,2020,,73.303,,,,,
dataflow,ESTAT:NRG_TI_SFF(1.0),Imports of solid fossil fuels by partner country,A,Annual,C0000X0350-0370,Solid fossil fuels,TOTAL,Total,THS_T,Thousand tonnes,LU,Luxembourg,2021,,59.955,,,,,
dataflow,ESTAT:NRG_TI_SFF(1.0),Imports of solid fossil fuels by partner country,A,Annual,C0000X0350-0370,Solid fossil fuels,TOTAL,Total,THS_T,Thousand tonnes,LU,Luxembourg,2022,,68.981,,,,,
dataflow,ESTAT:NRG_TI_SFF(1.0),Imports of solid fossil fuels by partner country,A,Annual,C0000X0350-0370,Solid fossil fuels,TOTAL,Total,THS_T,Thousand tonnes,LU,Luxembourg,2023,,39.029,,,,,
dataflow,ESTAT:NRG_TI_SFF(1.0),Imports of solid fossil fuels by partner country,A,Annual,C0000X0350-0370,Solid fossil fuels,TOTAL,Total,THS_T,Thousand tonnes,LV,Latvia,2010,,183.000,,,,,
dataflow,ESTAT:NRG_TI_SFF(1.0),Imports of solid fossil fuels by partner country,A,Annual,C0000X0350-0370,Solid fossil fuels,TOTAL,Total,THS_T,Thousand tonnes,LV,Latvia,2011,,186.000,,,,,
dataflow,ESTAT:NRG_TI_SFF(1.0),Imports of solid fossil fuels by partner country,A,Annual,C0000X0350-0370,Solid fossil fuels,TOTAL,Total,THS_T,Thousand tonnes,LV,Latvia,2012,,150.000,,,,,
dataflow,ESTAT:NRG_TI_SFF(1.0),Imports of solid fossil fuels by partner country,A,Annual,C0000X0350-0370,Solid fossil fuels,TOTAL,Total,THS_T,Thousand tonnes,LV,Latvia,2013,,120.000,,,,,
dataflow,ESTAT:NRG_TI_SFF(1.0),Imports of solid fossil fuels by partner country,A,Annual,C0000X0350-0370,Solid fossil fuels,TOTAL,Total,THS_T,Thousand tonnes,LV,Latvia,2014,,85.000,,,,,
dataflow,ESTAT:NRG_TI_SFF(1.0),Imports of solid fossil fuels by partner country,A,Annual,C0000X0350-0370,Solid fossil fuels,TOTAL,Total,THS_T,Thousand tonnes,LV,Latvia,2015,,71.000,,,,,
dataflow,ESTAT:NRG_TI_SFF(1.0),Imports of solid fossil fuels by partner country,A,Annual,C0000X0350-0370,Solid fossil fuels,TOTAL,Total,THS_T,Thousand tonnes,LV,Latvia,2016,,67.000,,,,,
dataflow,ESTAT:NRG_TI_SFF(1.0),Imports of solid fossil fuels by partner country,A,Annual,C0000X0350-0370,Solid fossil fuels,TOTAL,Total,THS_T,Thousand tonnes,LV,Latvia,2017,,67.905,,,,,
dataflow,ESTAT:NRG_TI_SFF(1.0),Imports of solid fossil fuels by partner country,A,Annual,C0000X0350-0370,Solid fossil fuels,TOTAL,Total,THS_T,Thousand tonnes,LV,Latvia,2018,,81.612,,,,,
dataflow,ESTAT:NRG_TI_SFF(1.0),Imports of solid fossil fuels by partner country,A,Annual,C0000X0350-0370,Solid fossil fuels,TOTAL,Total,THS_T,Thousand tonnes,LV,Latvia,2019,,79.463,,,,,
dataflow,ESTAT:NRG_TI_SFF(1.0),Imports of solid fossil fuels by partner country,A,Annual,C0000X0350-0370,Solid fossil fuels,TOTAL,Total,THS_T,Thousand tonnes,LV,Latvia,2020,,39.767,,,,,
dataflow,ESTAT:NRG_TI_SFF(1.0),Imports of solid fossil fuels by partner country,A,Annual,C0000X0350-0370,Solid fossil fuels,TOTAL,Total,THS_T,Thousand tonnes,LV,Latvia,2021,,36.700,,,,,
dataflow,ESTAT:NRG_TI_SFF(1.0),Imports of solid fossil fuels by partner country,A,Annual,C0000X0350-0370,Solid fossil fuels,TOTAL,Total,THS_T,Thousand tonnes,LV,Latvia,2022,,45.229,,,,,
dataflow,ESTAT:NRG_TI_SFF(1.0),Imports of solid fossil fuels by partner country,A,Annual,C0000X0350-0370,Solid fossil fuels,TOTAL,Total,THS_T,Thousand tonnes,LV,Latvia,2023,,17.146,,,,,
dataflow,ESTAT:NRG_TI_SFF(1.0),Imports of solid fossil fuels by partner country,A,Annual,C0000X0350-0370,Solid fossil fuels,TOTAL,Total,THS_T,Thousand tonnes,MT,Malta,2010,,0.000,,,,,
dataflow,ESTAT:NRG_TI_SFF(1.0),Imports of solid fossil fuels by partner country,A,Annual,C0000X0350-0370,Solid fossil fuels,TOTAL,Total,THS_T,Thousand tonnes,MT,Malta,2011,,0.000,,,,,
dataflow,ESTAT:NRG_TI_SFF(1.0),Imports of solid fossil fuels by partner country,A,Annual,C0000X0350-0370,Solid fossil fuels,TOTAL,Total,THS_T,Thousand tonnes,MT,Malta,2012,,0.000,,,,,
dataflow,ESTAT:NRG_TI_SFF(1.0),Imports of solid fossil fuels by partner country,A,Annual,C0000X0350-0370,Solid fossil fuels,TOTAL,Total,THS_T,Thousand tonnes,MT,Malta,2013,,0.000,,,,,
dataflow,ESTAT:NRG_TI_SFF(1.0),Imports of solid fossil fuels by partner country,A,Annual,C0000X0350-0370,Solid fossil fuels,TOTAL,Total,THS_T,Thousand tonnes,MT,Malta,2014,,0.000,,,,,
dataflow,ESTAT:NRG_TI_SFF(1.0),Imports of solid fossil fuels by partner country,A,Annual,C0000X0350-0370,Solid fossil fuels,TOTAL,Total,THS_T,Thousand tonnes,MT,Malta,2015,,0.000,,,,,
dataflow,ESTAT:NRG_TI_SFF(1.0),Imports of solid fossil fuels by partner country,A,Annual,C0000X0350-0370,Solid fossil fuels,TOTAL,Total,THS_T,Thousand tonnes,MT,Malta,2016,,0.000,,,,,
dataflow,ESTAT:NRG_TI_SFF(1.0),Imports of solid fossil fuels by partner country,A,Annual,C0000X0350-0370,Solid fossil fuels,TOTAL,Total,THS_T,Thousand tonnes,MT,Malta,2017,,0.000,,,,,
dataflow,ESTAT:NRG_TI_SFF(1.0),Imports of solid fossil fuels by partner country,A,Annual,C0000X0350-0370,Solid fossil fuels,TOTAL,Total,THS_T,Thousand tonnes,MT,Malta,2018,,0.000,,,,,
dataflow,ESTAT:NRG_TI_SFF(1.0),Imports of solid fossil fuels by partner country,A,Annual,C0000X0350-0370,Solid fossil fuels,TOTAL,Total,THS_T,Thousand tonnes,MT,Malta,2019,,0.000,,,,,
dataflow,ESTAT:NRG_TI_SFF(1.0),Imports of solid fossil fuels by partner country,A,Annual,C0000X0350-0370,Solid fossil fuels,TOTAL,Total,THS_T,Thousand tonnes,MT,Malta,2020,,0.000,,,,,
dataflow,ESTAT:NRG_TI_SFF(1.0),Imports of solid fossil fuels by partner country,A,Annual,C0000X0350-0370,Solid fossil fuels,TOTAL,Total,THS_T,Thousand tonnes,MT,Malta,2021,,0.000,,,,,
dataflow,ESTAT:NRG_TI_SFF(1.0),Imports of solid fossil fuels by partner country,A,Annual,C0000X0350-0370,Solid fossil fuels,TOTAL,Total,THS_T,Thousand tonnes,MT,Malta,2022,,0.000,,,,,
dataflow,ESTAT:NRG_TI_SFF(1.0),Imports of solid fossil fuels by partner country,A,Annual,C0000X0350-0370,Solid fossil fuels,TOTAL,Total,THS_T,Thousand tonnes,MT,Malta,2023,,0.000,,,,,
dataflow,ESTAT:NRG_TI_SFF(1.0),Imports of solid fossil fuels by partner country,A,Annual,C0000X0350-0370,Solid fossil fuels,TOTAL,Total,THS_T,Thousand tonnes,NL,Netherlands,2010,,12397.172,,,,,
dataflow,ESTAT:NRG_TI_SFF(1.0),Imports of solid fossil fuels by partner country,A,Annual,C0000X0350-0370,Solid fossil fuels,TOTAL,Total,THS_T,Thousand tonnes,NL,Netherlands,2011,,12081.756,,,,,
dataflow,ESTAT:NRG_TI_SFF(1.0),Imports of solid fossil fuels by partner country,A,Annual,C0000X0350-0370,Solid fossil fuels,TOTAL,Total,THS_T,Thousand tonnes,NL,Netherlands,2012,,13104.988,,,,,
dataflow,ESTAT:NRG_TI_SFF(1.0),Imports of solid fossil fuels by partner country,A,Annual,C0000X0350-0370,Solid fossil fuels,TOTAL,Total,THS_T,Thousand tonnes,NL,Netherlands,2013,,13150.590,,,,,
dataflow,ESTAT:NRG_TI_SFF(1.0),Imports of solid fossil fuels by partner country,A,Annual,C0000X0350-0370,Solid fossil fuels,TOTAL,Total,THS_T,Thousand tonnes,NL,Netherlands,2014,,15600.113,,,,,
dataflow,ESTAT:NRG_TI_SFF(1.0),Imports of solid fossil fuels by partner country,A,Annual,C0000X0350-0370,Solid fossil fuels,TOTAL,Total,THS_T,Thousand tonnes,NL,Netherlands,2015,,17499.394,,,,,
dataflow,ESTAT:NRG_TI_SFF(1.0),Imports of solid fossil fuels by partner country,A,Annual,C0000X0350-0370,Solid fossil fuels,TOTAL,Total,THS_T,Thousand tonnes,NL,Netherlands,2016,,16498.636,,,,,
dataflow,ESTAT:NRG_TI_SFF(1.0),Imports of solid fossil fuels by partner country,A,Annual,C0000X0350-0370,Solid fossil fuels,TOTAL,Total,THS_T,Thousand tonnes,NL,Netherlands,2017,,15020.292,,,,,
dataflow,ESTAT:NRG_TI_SFF(1.0),Imports of solid fossil fuels by partner country,A,Annual,C0000X0350-0370,Solid fossil fuels,TOTAL,Total,THS_T,Thousand tonnes,NL,Netherlands,2018,,13153.905,,,,,
dataflow,ESTAT:NRG_TI_SFF(1.0),Imports of solid fossil fuels by partner country,A,Annual,C0000X0350-0370,Solid fossil fuels,TOTAL,Total,THS_T,Thousand tonnes,NL,Netherlands,2019,,10474.480,,,,,
dataflow,ESTAT:NRG_TI_SFF(1.0),Imports of solid fossil fuels by partner country,A,Annual,C0000X0350-0370,Solid fossil fuels,TOTAL,Total,THS_T,Thousand tonnes,NL,Netherlands,2020,,6101.472,,,,,
dataflow,ESTAT:NRG_TI_SFF(1.0),Imports of solid fossil fuels by partner country,A,Annual,C0000X0350-0370,Solid fossil fuels,TOTAL,Total,THS_T,Thousand tonnes,NL,Netherlands,2021,,8814.888,,,,,
dataflow,ESTAT:NRG_TI_SFF(1.0),Imports of solid fossil fuels by partner country,A,Annual,C0000X0350-0370,Solid fossil fuels,TOTAL,Total,THS_T,Thousand tonnes,NL,Netherlands,2022,,9111.262,,,,,
dataflow,ESTAT:NRG_TI_SFF(1.0),Imports of solid fossil fuels by partner country,A,Annual,C0000X0350-0370,Solid fossil fuels,TOTAL,Total,THS_T,Thousand tonnes,NL,Netherlands,2023,,6538.231,,,,,
dataflow,ESTAT:NRG_TI_SFF(1.0),Imports of solid fossil fuels by partner country,A,Annual,C0000X0350-0370,Solid fossil fuels,TOTAL,Total,THS_T,Thousand tonnes,PL,Poland,2010,,13779.000,,,,,
dataflow,ESTAT:NRG_TI_SFF(1.0),Imports of solid fossil fuels by partner country,A,Annual,C0000X0350-0370,Solid fossil fuels,TOTAL,Total,THS_T,Thousand tonnes,PL,Poland,2011,,15215.000,,,,,
dataflow,ESTAT:NRG_TI_SFF(1.0),Imports of solid fossil fuels by partner country,A,Annual,C0000X0350-0370,Solid fossil fuels,TOTAL,Total,THS_T,Thousand tonnes,PL,Poland,2012,,10482.000,,,,,
dataflow,ESTAT:NRG_TI_SFF(1.0),Imports of solid fossil fuels by partner country,A,Annual,C0000X0350-0370,Solid fossil fuels,TOTAL,Total,THS_T,Thousand tonnes,PL,Poland,2013,,10941.000,,,,,
dataflow,ESTAT:NRG_TI_SFF(1.0),Imports of solid fossil fuels by partner country,A,Annual,C0000X0350-0370,Solid fossil fuels,TOTAL,Total,THS_T,Thousand tonnes,PL,Poland,2014,,10872.000,,,,,
dataflow,ESTAT:NRG_TI_SFF(1.0),Imports of solid fossil fuels by partner country,A,Annual,C0000X0350-0370,Solid fossil fuels,TOTAL,Total,THS_T,Thousand tonnes,PL,Poland,2015,,8721.000,,,,,
dataflow,ESTAT:NRG_TI_SFF(1.0),Imports of solid fossil fuels by partner country,A,Annual,C0000X0350-0370,Solid fossil fuels,TOTAL,Total,THS_T,Thousand tonnes,PL,Poland,2016,,8734.000,,,,,
dataflow,ESTAT:NRG_TI_SFF(1.0),Imports of solid fossil fuels by partner country,A,Annual,C0000X0350-0370,Solid fossil fuels,TOTAL,Total,THS_T,Thousand tonnes,PL,Poland,2017,,13385.213,,,,,
dataflow,ESTAT:NRG_TI_SFF(1.0),Imports of solid fossil fuels by partner country,A,Annual,C0000X0350-0370,Solid fossil fuels,TOTAL,Total,THS_T,Thousand tonnes,PL,Poland,2018,,19740.816,,,,,
dataflow,ESTAT:NRG_TI_SFF(1.0),Imports of solid fossil fuels by partner country,A,Annual,C0000X0350-0370,Solid fossil fuels,TOTAL,Total,THS_T,Thousand tonnes,PL,Poland,2019,,17165.953,,,,,
dataflow,ESTAT:NRG_TI_SFF(1.0),Imports of solid fossil fuels by partner country,A,Annual,C0000X0350-0370,Solid fossil fuels,TOTAL,Total,THS_T,Thousand tonnes,PL,Poland,2020,,13129.897,,,,,
dataflow,ESTAT:NRG_TI_SFF(1.0),Imports of solid fossil fuels by partner country,A,Annual,C0000X0350-0370,Solid fossil fuels,TOTAL,Total,THS_T,Thousand tonnes,PL,Poland,2021,,12745.818,,,,,
dataflow,ESTAT:NRG_TI_SFF(1.0),Imports of solid fossil fuels by partner country,A,Annual,C0000X0350-0370,Solid fossil fuels,TOTAL,Total,THS_T,Thousand tonnes,PL,Poland,2022,,20510.756,,,,,
dataflow,ESTAT:NRG_TI_SFF(1.0),Imports of solid fossil fuels by partner country,A,Annual,C0000X0350-0370,Solid fossil fuels,TOTAL,Total,THS_T,Thousand tonnes,PL,Poland,2023,,17305.672,,,,,
dataflow,ESTAT:NRG_TI_SFF(1.0),Imports of solid fossil fuels by partner country,A,Annual,C0000X0350-0370,Solid fossil fuels,TOTAL,Total,THS_T,Thousand tonnes,PT,Portugal,2010,,2660.000,,,,,
dataflow,ESTAT:NRG_TI_SFF(1.0),Imports of solid fossil fuels by partner country,A,Annual,C0000X0350-0370,Solid fossil fuels,TOTAL,Total,THS_T,Thousand tonnes,PT,Portugal,2011,,3598.000,,,,,
dataflow,ESTAT:NRG_TI_SFF(1.0),Imports of solid fossil fuels by partner country,A,Annual,C0000X0350-0370,Solid fossil fuels,TOTAL,Total,THS_T,Thousand tonnes,PT,Portugal,2012,,5036.000,,,,,
dataflow,ESTAT:NRG_TI_SFF(1.0),Imports of solid fossil fuels by partner country,A,Annual,C0000X0350-0370,Solid fossil fuels,TOTAL,Total,THS_T,Thousand tonnes,PT,Portugal,2013,,4246.000,,,,,
dataflow,ESTAT:NRG_TI_SFF(1.0),Imports of solid fossil fuels by partner country,A,Annual,C0000X0350-0370,Solid fossil fuels,TOTAL,Total,THS_T,Thousand tonnes,PT,Portugal,2014,,4388.000,,,,,
dataflow,ESTAT:NRG_TI_SFF(1.0),Imports of solid fossil fuels by partner country,A,Annual,C0000X0350-0370,Solid fossil fuels,TOTAL,Total,THS_T,Thousand tonnes,PT,Portugal,2015,,5428.000,,,,,
dataflow,ESTAT:NRG_TI_SFF(1.0),Imports of solid fossil fuels by partner country,A,Annual,C0000X0350-0370,Solid fossil fuels,TOTAL,Total,THS_T,Thousand tonnes,PT,Portugal,2016,,4924.000,,,,,
dataflow,ESTAT:NRG_TI_SFF(1.0),Imports of solid fossil fuels by partner country,A,Annual,C0000X0350-0370,Solid fossil fuels,TOTAL,Total,THS_T,Thousand tonnes,PT,Portugal,2017,,5723.889,,,,,
dataflow,ESTAT:NRG_TI_SFF(1.0),Imports of solid fossil fuels by partner country,A,Annual,C0000X0350-0370,Solid fossil fuels,TOTAL,Total,THS_T,Thousand tonnes,PT,Portugal,2018,,4505.572,,,,,
dataflow,ESTAT:NRG_TI_SFF(1.0),Imports of solid fossil fuels by partner country,A,Annual,C0000X0350-0370,Solid fossil fuels,TOTAL,Total,THS_T,Thousand tonnes,PT,Portugal,2019,,2584.372,,,,,
dataflow,ESTAT:NRG_TI_SFF(1.0),Imports of solid fossil fuels by partner country,A,Annual,C0000X0350-0370,Solid fossil fuels,TOTAL,Total,THS_T,Thousand tonnes,PT,Portugal,2020,,15.467,,,,,
dataflow,ESTAT:NRG_TI_SFF(1.0),Imports of solid fossil fuels by partner country,A,Annual,C0000X0350-0370,Solid fossil fuels,TOTAL,Total,THS_T,Thousand tonnes,PT,Portugal,2021,,12.151,,,,,
dataflow,ESTAT:NRG_TI_SFF(1.0),Imports of solid fossil fuels by partner country,A,Annual,C0000X0350-0370,Solid fossil fuels,TOTAL,Total,THS_T,Thousand tonnes,PT,Portugal,2022,,10.004,,,,,
dataflow,ESTAT:NRG_TI_SFF(1.0),Imports of solid fossil fuels by partner country,A,Annual,C0000X0350-0370,Solid fossil fuels,TOTAL,Total,THS_T,Thousand tonnes,PT,Portugal,2023,,5.868,,,,,
dataflow,ESTAT:NRG_TI_SFF(1.0),Imports of solid fossil fuels by partner country,A,Annual,C0000X0350-0370,Solid fossil fuels,TOTAL,Total,THS_T,Thousand tonnes,RO,Romania,2010,,2041.000,,,,,
dataflow,ESTAT:NRG_TI_SFF(1.0),Imports of solid fossil fuels by partner country,A,Annual,C0000X0350-0370,Solid fossil fuels,TOTAL,Total,THS_T,Thousand tonnes,RO,Romania,2011,,1794.000,,,,,
dataflow,ESTAT:NRG_TI_SFF(1.0),Imports of solid fossil fuels by partner country,A,Annual,C0000X0350-0370,Solid fossil fuels,TOTAL,Total,THS_T,Thousand tonnes,RO,Romania,2012,,2031.000,,,,,
dataflow,ESTAT:NRG_TI_SFF(1.0),Imports of solid fossil fuels by partner country,A,Annual,C0000X0350-0370,Solid fossil fuels,TOTAL,Total,THS_T,Thousand tonnes,RO,Romania,2013,,1820.000,,,,,
dataflow,ESTAT:NRG_TI_SFF(1.0),Imports of solid fossil fuels by partner country,A,Annual,C0000X0350-0370,Solid fossil fuels,TOTAL,Total,THS_T,Thousand tonnes,RO,Romania,2014,,1822.000,,,,,
dataflow,ESTAT:NRG_TI_SFF(1.0),Imports of solid fossil fuels by partner country,A,Annual,C0000X0350-0370,Solid fossil fuels,TOTAL,Total,THS_T,Thousand tonnes,RO,Romania,2015,,1941.000,,,,,
dataflow,ESTAT:NRG_TI_SFF(1.0),Imports of solid fossil fuels by partner country,A,Annual,C0000X0350-0370,Solid fossil fuels,TOTAL,Total,THS_T,Thousand tonnes,RO,Romania,2016,,1819.000,,,,,
dataflow,ESTAT:NRG_TI_SFF(1.0),Imports of solid fossil fuels by partner country,A,Annual,C0000X0350-0370,Solid fossil fuels,TOTAL,Total,THS_T,Thousand tonnes,RO,Romania,2017,,1623.972,,,,,
dataflow,ESTAT:NRG_TI_SFF(1.0),Imports of solid fossil fuels by partner country,A,Annual,C0000X0350-0370,Solid fossil fuels,TOTAL,Total,THS_T,Thousand tonnes,RO,Romania,2018,,1494.215,,,,,
dataflow,ESTAT:NRG_TI_SFF(1.0),Imports of solid fossil fuels by partner country,A,Annual,C0000X0350-0370,Solid fossil fuels,TOTAL,Total,THS_T,Thousand tonnes,RO,Romania,2019,,1837.099,,,,,
dataflow,ESTAT:NRG_TI_SFF(1.0),Imports of solid fossil fuels by partner country,A,Annual,C0000X0350-0370,Solid fossil fuels,TOTAL,Total,THS_T,Thousand tonnes,RO,Romania,2020,,1289.266,,,,,
dataflow,ESTAT:NRG_TI_SFF(1.0),Imports of solid fossil fuels by partner country,A,Annual,C0000X0350-0370,Solid fossil fuels,TOTAL,Total,THS_T,Thousand tonnes,RO,Romania,2021,,1611.903,,,,,
dataflow,ESTAT:NRG_TI_SFF(1.0),Imports of solid fossil fuels by partner country,A,Annual,C0000X0350-0370,Solid fossil fuels,TOTAL,Total,THS_T,Thousand tonnes,RO,Romania,2022,,1247.281,,,,,
dataflow,ESTAT:NRG_TI_SFF(1.0),Imports of solid fossil fuels by partner country,A,Annual,C0000X0350-0370,Solid fossil fuels,TOTAL,Total,THS_T,Thousand tonnes,RO,Romania,2023,,641.399,,,,,
dataflow,ESTAT:NRG_TI_SFF(1.0),Imports of solid fossil fuels by partner country,A,Annual,C0000X0350-0370,Solid fossil fuels,TOTAL,Total,THS_T,Thousand tonnes,SE,Sweden,2010,,3532.000,,,,,
dataflow,ESTAT:NRG_TI_SFF(1.0),Imports of solid fossil fuels by partner country,A,Annual,C0000X0350-0370,Solid fossil fuels,TOTAL,Total,THS_T,Thousand tonnes,SE,Sweden,2011,,3290.000,,,,,
dataflow,ESTAT:NRG_TI_SFF(1.0),Imports of solid fossil fuels by partner country,A,Annual,C0000X0350-0370,Solid fossil fuels,TOTAL,Total,THS_T,Thousand tonnes,SE,Sweden,2012,,2373.000,,,,,
dataflow,ESTAT:NRG_TI_SFF(1.0),Imports of solid fossil fuels by partner country,A,Annual,C0000X0350-0370,Solid fossil fuels,TOTAL,Total,THS_T,Thousand tonnes,SE,Sweden,2013,,2638.000,,,,,
dataflow,ESTAT:NRG_TI_SFF(1.0),Imports of solid fossil fuels by partner country,A,Annual,C0000X0350-0370,Solid fossil fuels,TOTAL,Total,THS_T,Thousand tonnes,SE,Sweden,2014,,2872.000,,,,,
dataflow,ESTAT:NRG_TI_SFF(1.0),Imports of solid fossil fuels by partner country,A,Annual,C0000X0350-0370,Solid fossil fuels,TOTAL,Total,THS_T,Thousand tonnes,SE,Sweden,2015,,2878.000,,,,,
dataflow,ESTAT:NRG_TI_SFF(1.0),Imports of solid fossil fuels by partner country,A,Annual,C0000X0350-0370,Solid fossil fuels,TOTAL,Total,THS_T,Thousand tonnes,SE,Sweden,2016,,3203.000,,,,,
dataflow,ESTAT:NRG_TI_SFF(1.0),Imports of solid fossil fuels by partner country,A,Annual,C0000X0350-0370,Solid fossil fuels,TOTAL,Total,THS_T,Thousand tonnes,SE,Sweden,2017,,2827.000,,,,,
dataflow,ESTAT:NRG_TI_SFF(1.0),Imports of solid fossil fuels by partner country,A,Annual,C0000X0350-0370,Solid fossil fuels,TOTAL,Total,THS_T,Thousand tonnes,SE,Sweden,2018,,2952.000,,,,,
dataflow,ESTAT:NRG_TI_SFF(1.0),Imports of solid fossil fuels by partner country,A,Annual,C0000X0350-0370,Solid fossil fuels,TOTAL,Total,THS_T,Thousand tonnes,SE,Sweden,2019,,2824.000,,,,,
dataflow,ESTAT:NRG_TI_SFF(1.0),Imports of solid fossil fuels by partner country,A,Annual,C0000X0350-0370,Solid fossil fuels,TOTAL,Total,THS_T,Thousand tonnes,SE,Sweden,2020,,2158.000,,,,,
dataflow,ESTAT:NRG_TI_SFF(1.0),Imports of solid fossil fuels by partner country,A,Annual,C0000X0350-0370,Solid fossil fuels,TOTAL,Total,THS_T,Thousand tonnes,SE,Sweden,2021,,2281.000,,,,,
dataflow,ESTAT:NRG_TI_SFF(1.0),Imports of solid fossil fuels by partner country,A,Annual,C0000X0350-0370,Solid fossil fuels,TOTAL,Total,THS_T,Thousand tonnes,SE,Sweden,2022,,2277.000,,,,,
dataflow,ESTAT:NRG_TI_SFF(1.0),Imports of solid fossil fuels by partner country,A,Annual,C0000X0350-0370,Solid fossil fuels,TOTAL,Total,THS_T,Thousand tonnes,SE,Sweden,2023,,2038.000,,,,,
dataflow,ESTAT:NRG_TI_SFF(1.0),Imports of solid fossil fuels by partner country,A,Annual,C0000X0350-0370,Solid fossil fuels,TOTAL,Total,THS_T,Thousand tonnes,SI,Slovenia,2010,,604.000,,,,,
dataflow,ESTAT:NRG_TI_SFF(1.0),Imports of solid fossil fuels by partner country,A,Annual,C0000X0350-0370,Solid fossil fuels,TOTAL,Total,THS_T,Thousand tonnes,SI,Slovenia,2011,,558.000,,,,,
dataflow,ESTAT:NRG_TI_SFF(1.0),Imports of solid fossil fuels by partner country,A,Annual,C0000X0350-0370,Solid fossil fuels,TOTAL,Total,THS_T,Thousand tonnes,SI,Slovenia,2012,,658.000,,,,,
dataflow,ESTAT:NRG_TI_SFF(1.0),Imports of solid fossil fuels by partner country,A,Annual,C0000X0350-0370,Solid fossil fuels,TOTAL,Total,THS_T,Thousand tonnes,SI,Slovenia,2013,,586.000,,,,,
dataflow,ESTAT:NRG_TI_SFF(1.0),Imports of solid fossil fuels by partner country,A,Annual,C0000X0350-0370,Solid fossil fuels,TOTAL,Total,THS_T,Thousand tonnes,SI,Slovenia,2014,,486.000,,,,,
dataflow,ESTAT:NRG_TI_SFF(1.0),Imports of solid fossil fuels by partner country,A,Annual,C0000X0350-0370,Solid fossil fuels,TOTAL,Total,THS_T,Thousand tonnes,SI,Slovenia,2015,,434.000,,,,,
dataflow,ESTAT:NRG_TI_SFF(1.0),Imports of solid fossil fuels by partner country,A,Annual,C0000X0350-0370,Solid fossil fuels,TOTAL,Total,THS_T,Thousand tonnes,SI,Slovenia,2016,,413.000,,,,,
dataflow,ESTAT:NRG_TI_SFF(1.0),Imports of solid fossil fuels by partner country,A,Annual,C0000X0350-0370,Solid fossil fuels,TOTAL,Total,THS_T,Thousand tonnes,SI,Slovenia,2017,,413.793,,,,,
dataflow,ESTAT:NRG_TI_SFF(1.0),Imports of solid fossil fuels by partner country,A,Annual,C0000X0350-0370,Solid fossil fuels,TOTAL,Total,THS_T,Thousand tonnes,SI,Slovenia,2018,,450.738,,,,,
dataflow,ESTAT:NRG_TI_SFF(1.0),Imports of solid fossil fuels by partner country,A,Annual,C0000X0350-0370,Solid fossil fuels,TOTAL,Total,THS_T,Thousand tonnes,SI,Slovenia,2019,,459.297,,,,,
dataflow,ESTAT:NRG_TI_SFF(1.0),Imports of solid fossil fuels by partner country,A,Annual,C0000X0350-0370,Solid fossil fuels,TOTAL,Total,THS_T,Thousand tonnes,SI,Slovenia,2020,,387.617,,,,,
dataflow,ESTAT:NRG_TI_SFF(1.0),Imports of solid fossil fuels by partner country,A,Annual,C0000X0350-0370,Solid fossil fuels,TOTAL,Total,THS_T,Thousand tonnes,SI,Slovenia,2021,,205.022,,,,,
dataflow,ESTAT:NRG_TI_SFF(1.0),Imports of solid fossil fuels by partner country,A,Annual,C0000X0350-0370,Solid fossil fuels,TOTAL,Total,THS_T,Thousand tonnes,SI,Slovenia,2022,,466.481,,,,,
dataflow,ESTAT:NRG_TI_SFF(1.0),Imports of solid fossil fuels by partner country,A,Annual,C0000X0350-0370,Solid fossil fuels,TOTAL,Total,THS_T,Thousand tonnes,SI,Slovenia,2023,,451.546,,,,,
dataflow,ESTAT:NRG_TI_SFF(1.0),Imports of solid fossil fuels by partner country,A,Annual,C0000X0350-0370,Solid fossil fuels,TOTAL,Total,THS_T,Thousand tonnes,SK,Slovakia,2010,,5064.000,,,,,
dataflow,ESTAT:NRG_TI_SFF(1.0),Imports of solid fossil fuels by partner country,A,Annual,C0000X0350-0370,Solid fossil fuels,TOTAL,Total,THS_T,Thousand tonnes,SK,Slovakia,2011,,5063.000,,,,,
dataflow,ESTAT:NRG_TI_SFF(1.0),Imports of solid fossil fuels by partner country,A,Annual,C0000X0350-0370,Solid fossil fuels,TOTAL,Total,THS_T,Thousand tonnes,SK,Slovakia,2012,,5140.000,,,,,
dataflow,ESTAT:NRG_TI_SFF(1.0),Imports of solid fossil fuels by partner country,A,Annual,C0000X0350-0370,Solid fossil fuels,TOTAL,Total,THS_T,Thousand tonnes,SK,Slovakia,2013,,4500.000,,,,,
dataflow,ESTAT:NRG_TI_SFF(1.0),Imports of solid fossil fuels by partner country,A,Annual,C0000X0350-0370,Solid fossil fuels,TOTAL,Total,THS_T,Thousand tonnes,SK,Slovakia,2014,,4500.000,,,,,
dataflow,ESTAT:NRG_TI_SFF(1.0),Imports of solid fossil fuels by partner country,A,Annual,C0000X0350-0370,Solid fossil fuels,TOTAL,Total,THS_T,Thousand tonnes,SK,Slovakia,2015,,4317.000,,,,,
dataflow,ESTAT:NRG_TI_SFF(1.0),Imports of solid fossil fuels by partner country,A,Annual,C0000X0350-0370,Solid fossil fuels,TOTAL,Total,THS_T,Thousand tonnes,SK,Slovakia,2016,,4244.000,,,,,
dataflow,ESTAT:NRG_TI_SFF(1.0),Imports of solid fossil fuels by partner country,A,Annual,C0000X0350-0370,Solid fossil fuels,TOTAL,Total,THS_T,Thousand tonnes,SK,Slovakia,2017,,4665.000,,,,,
dataflow,ESTAT:NRG_TI_SFF(1.0),Imports of solid fossil fuels by partner country,A,Annual,C0000X0350-0370,Solid fossil fuels,TOTAL,Total,THS_T,Thousand tonnes,SK,Slovakia,2018,,4890.000,,,,,
dataflow,ESTAT:NRG_TI_SFF(1.0),Imports of solid fossil fuels by partner country,A,Annual,C0000X0350-0370,Solid fossil fuels,TOTAL,Total,THS_T,Thousand tonnes,SK,Slovakia,2019,,4133.000,,,,,
dataflow,ESTAT:NRG_TI_SFF(1.0),Imports of solid fossil fuels by partner country,A,Annual,C0000X0350-0370,Solid fossil fuels,TOTAL,Total,THS_T,Thousand tonnes,SK,Slovakia,2020,,3222.000,,,,,
dataflow,ESTAT:NRG_TI_SFF(1.0),Imports of solid fossil fuels by partner country,A,Annual,C0000X0350-0370,Solid fossil fuels,TOTAL,Total,THS_T,Thousand tonnes,SK,Slovakia,2021,,3786.000,,,,,
dataflow,ESTAT:NRG_TI_SFF(1.0),Imports of solid fossil fuels by partner country,A,Annual,C0000X0350-0370,Solid fossil fuels,TOTAL,Total,THS_T,Thousand tonnes,SK,Slovakia,2022,,3698.000,,,,,
dataflow,ESTAT:NRG_TI_SFF(1.0),Imports of solid fossil fuels by partner country,A,Annual,C0000X0350-0370,Solid fossil fuels,TOTAL,Total,THS_T,Thousand tonnes,SK,Slovakia,2023,,3423.000,,,,,
